post_id,post_image,post_text,post_views
63418,[],"–û–ª–µ–≥, —Å–ø–∞—Å–∏–±–æ –∑–∞ –æ–±—Ä–∞—Ç–Ω—É—é —Å–≤—è–∑—å. –ú—ã —Ü–µ–Ω–∏–º –∫–∞–∂–¥–æ–µ –º–Ω–µ–Ω–∏–µ, —É—Å—Ç—Ä–∞–∏–≤–∞—é—â–µ–µ –Ω–∞—Å.",{'count': 128844}
66609,[],"–û–ª–µ–≥, –≤—ã –∂–µ –ø–æ–Ω–∏–º–∞–µ—Ç–µ —á—Ç–æ –≤–∞—à –∞–≤–∞–Ω—Å [–î–ê–ù–ù–´–ï –£–î–ê–õ–ï–ù–´]? –ò –≤–æ–æ–±—â–µ, [–î–ê–ù–ù–´–ï –£–î–ê–õ–ï–ù–´]. –ù–∞—à–∞ —Ä–∞–±–æ—Ç–∞ [–î–ê–ù–ù–´–ï –£–î–ê–õ–ï–ù–´], [–î–ê–ù–ù–´–ï –£–î–ê–õ–ï–ù–´]. –ú—ã –≤–æ–∑—å–º—ë–º—Å—è –∑–∞ –≤–∞—à—É —Ä–∞–±–æ—Ç—É, –∫–æ–≥–¥–∞ [–î–ê–ù–ù–´–ï –£–î–ê–õ–ï–ù–´]. –ü—Ä–æ—Å–∏–º –í–∞—Å –ø—Ä–∏—Å–ª–∞—Ç—å –µ—â—ë –æ–¥–∏–Ω –∞–≤–∞–Ω—Å, –∏–±–æ [–î–ê–ù–ù–´–ï –£–î–ê–õ–ï–ù–´] –∏ [–î–ê–ù–ù–´–ï –£–î–ê–õ–ï–ù–´]. –í—Å—ë —Ç–∞–∫–∏ –Ω–∞—à–∏ —Å–æ—Ç—Ä—É–¥–Ω–∏–∫–∏ [–î–ê–ù–ù–´–ï –£–î–ê–õ–ï–ù–´]. –ñ–¥—ë–º –æ—Ç–≤–µ—Ç–∞, –û–ª–µ–≥, [–î–ê–ù–ù–´–ï –£–î–ê–õ–ï–ù–´].",{'count': 4932}
66600,[],"–û–ª–µ–≥, –õ–∞–æ–Ω–∞—Ä–¥–æ –¥–æ –í–∏–Ω—á–∏ –ø–∏—Å–∞–ª –≥—É–±—ã –Ω–∞ –∫–∞—Ä—Ç–∏–Ω–µ ""–ú–æ–Ω–∞ –õ–∏–∑–∞"" –≤ —Ç–µ—á–µ–Ω–∏–µ –¥–≤–µ–Ω–Ω–∞–¥—Ü–∞—Ç–∏ –ª–µ—Ç. –ê –≤—ã –ø—Ä–æ–µ–∫—Ç –∑–∞ –≥–æ–¥ —Ö–æ—Ç–∏—Ç–µ –æ—Ç –Ω–∞—Å..",{'count': 7656}
66593,[],"–ü–æ—Å–ª—É—à–∞–π—Ç–µ, –û–ª–µ–≥. 
–ù–∞–º –∫–∞–∂–µ—Ç—Å—è, –≤—ã –∫–∞–∫-—Ç–æ –Ω–µ–≤–µ—Ä–Ω–æ –∏—Å—Ç–æ–ª–∫–æ–≤–∞–ª–∏ –º–æ–∏ —Å–ª–æ–≤–∞ –ø—Ä–æ —Å–ª—ë–∑—ã. –¢–æ—Ç –∞–≤–∞–Ω—Å, –∫–æ—Ç–æ—Ä—ã–π –º—ã –ø–æ–ª—É—á–∏–ª–∏ –æ—Ç –≤–∞—Å —Å–µ–≥–æ–¥–Ω—è, —ç—Ç–æ, –∫–æ–Ω–µ—á–Ω–æ, —Ç–æ–∂–µ —Å–ª—ë–∑—ã - –∫–∞–∫ –≥–æ–≤–æ—Ä–∏—Ç—Å—è ¬´–∫–æ—Ç –Ω–∞–ø–ª–∞–∫–∞–ª¬ª. –ù—É –≤–æ—Ç –ø—É—Å—Ç—å —Ç–æ–≥–¥–∞ —ç—Ç–æ—Ç —Å–∞–º—ã–π –∫–æ—Ç –∏ –ø—Ä–æ–¥–æ–ª–∂–∏—Ç –¥–µ–ª–∞—Ç—å –≤–∞–º –≤–∞—à –ø—Ä–æ–µ–∫—Ç –∑–∞ —ç—Ç–∏ –¥–µ–Ω—å–≥–∏!",{'count': 9231}
66584,[],"–û–ª–µ–≥, –≤ –Ω–∞—à–µ–º —Å–ª—É—á–∞–µ, —Å–ª–µ–∑—ã - —ç—Ç–æ —Ç–æ–∂–µ —á–∞—Å—Ç—å —Ä–∞–±–æ—Ç—ã, —Ç–∞–∫ —á—Ç–æ –Ω–µ –æ—Ç–≤–ª–µ–∫–∞–π—Ç–µ –º–µ–Ω—è, –ø–æ–∂–∞–ª—É–π—Å—Ç–∞",{'count': 17061}
66578,[],"–û–ª–µ–≥, –≤–µ–¥—å –≤—ã –µ—â—ë –∏ –º—É–∂—á–∏–Ω–∞! –ê –∫–∞–∫ –∏–∑–≤–µ—Å—Ç–Ω–æ –º—É–∂—á–∏–Ω—É –∫—Ä–∞—Å—è—Ç –Ω–µ —Å–ª–æ–≤–∞, –∞ –ø–æ—Å—Ç—É–ø–∫–∏. –ü–æ—Ç–æ–º—É –µ—Å–ª–∏ –∑–∞—Ö–æ—Ç–∏—Ç–µ –Ω–∞–ø–æ–º–Ω–∏—Ç—å –º–Ω–µ –æ —Å—Ä–æ–∫–∞—Ö, —Ç–æ –¥–µ–ª–∞–π—Ç–µ —ç—Ç–æ —á–µ—Ä–µ–∑ —Å–∏—Å—Ç–µ–º—É –±–∞–Ω–∫–æ–≤—Å–∫–∏—Ö –ø–µ—Ä–µ–≤–æ–¥–æ–≤. –ü—Ä–∏ –∫–∞–∂–¥–æ–º –ø–µ—Ä–µ–≤–æ–¥–µ –æ—Ç —Ç—ã—Å—è—á–∏ —Ä—É–±–ª–µ–π —è –±—É–¥—É –ø–æ–Ω–∏–º–∞—Ç—å, —á—Ç–æ –≤—ã –Ω–∞—Å—Ç—Ä–æ–µ–Ω—ã –Ω–∞ –ø–ª–æ–¥–æ—Ç–≤–æ—Ä–Ω–æ–µ —Å–æ—Ç—Ä—É–¥–Ω–∏—á–µ—Å—Ç–≤–æ, –∏ –±—É–¥—É –¥–µ–ª–∞—Ç—å –≤—Å–µ —á—Ç–æ –≤ –º–æ–∏—Ö —Å–∏–ª–∞—Ö —á—Ç–æ –±—ã –∑–∞–∫–æ–Ω—á–∏—Ç—å –ø—Ä–æ–µ–∫—Ç. 
–ò –∫—Å—Ç–∞—Ç–∏, —Å –≤–∞—à–µ–π —Å—Ç–æ—Ä–æ–Ω—ã –Ω–µ–¥–æ—Å—Ç–æ–π–Ω–æ –≤–Ω–æ—Å–∏—Ç—å –ª–∏—à—å —á–∞—Å—Ç—å –ø—Ä–µ–¥–æ–ø–ª–∞—Ç—ã, –Ω–∞—Å—Ç–æ—è—â–∏–π –º—É–∂—á–∏–Ω–∞ –≤—Å–µ–≥–¥–∞ –ø–ª–∞—Ç–∏—Ç –∞–≤–∞–Ω—Å –≤ 100%!",{'count': 14261}
66550,[],"–û–ª–µ–≥, –º–µ–Ω—è —Ç–µ—Ä–∑–∞—é—Ç —Å–º—É—Ç–Ω—ã–µ —Å–æ–º–Ω–µ–Ω–∏—è... –ü–æ–∑–≤–æ–ª—å—Ç–µ —Å–ø—Ä–æ—Å–∏—Ç—å, –∫–∞–∫ –≤–∞—à–∞ —Ñ–∞–º–∏–ª–∏—è?",{'count': 12911}
66533,[],"–û–ª–µ–≥, –∫–ª—è–Ω—É—Å—å! –ü–æ—Å–ª–µ–¥–Ω—è—è –∫–∞—Ç–∫–∞ –∏ —Å—Ä–∞–∑—É –∑–∞ –ø—Ä–æ–µ–∫—Ç!",{'count': 8278}
66526,[],"–û–ª–µ–≥!
–ü—Ä–æ–µ–∫—Ç –≤—ã–ø–æ–ª–Ω–µ–Ω –≤ —Å—Ä–æ–∫. –ì–¥–µ –¥–µ–Ω—å–≥–∏ –∑–∞ –≤—ã–ø–æ–ª–Ω–µ–Ω–Ω—É—é —Ä–∞–±–æ—Ç—É? 
–û–ª–µ–≥, –í–∞–º –Ω–µ—Ç –æ–ø—Ä–∞–≤–¥–∞–Ω–∏—è. 
–°—Ä–æ—á–Ω–æ –∂–¥—É –æ–ø–ª–∞—Ç—É.",{'count': 7411}
66508,[],"–û–ª–µ–≥, –≤–∞—à–∏ –±–µ—Å–∫–æ–Ω–µ—á–Ω—ã–µ –ø—Ä–∞–≤–∫–∏ –¥–æ–≤–µ–ª–∏ –º–µ–Ω—è –¥–æ –Ω–µ—Ä–≤–Ω–æ–≥–æ —Å—Ä—ã–≤–∞, –∞ –Ω–µ—Ä–≤–Ω—ã–π —Å—Ä—ã–≤ –¥–æ –æ—Ç–¥–µ–ª–µ–Ω–∏—è –Ω–µ–≤—Ä–æ–∑–æ–≤.
–¢–∞–∫ –∫–∞–∫ –≤ –±–æ–ª—å–Ω–∏—Ü–µ —Ç–µ–ª–µ—Ñ–æ–Ω –≤—ã–¥–∞—é—Ç –≤—Å–µ–≥–æ –Ω–∞ —á–∞—Å, –∑–∞–Ω–∏–º–∞—Ç—å—Å—è –≤–∞—à–∏–º –ø—Ä–æ–µ–∫—Ç–æ–º –Ω–µ—Ç –≤—Ä–µ–º–µ–Ω–∏, –∞ –¥–æ–∫—Ç–æ—Ä –≤–æ–æ–±—â–µ —Å–æ–≤–µ—Ç—É—é—Ç –ø–µ—Ä–µ—Å—Ç–∞—Ç—å —Å –≤–∞–º–∏ –æ–±—â–∞—Ç—å—Å—è, –∫–∞–∫ —Å –ª–∏—á–Ω–æ—Å—Ç—å—é —Ç—Ä–∞–≤–º–∏—Ä—É—é—â–µ–π –º–æ—é –ø—Å–∏—Ö–∏–∫—É.
–ö—Ç–æ —è —Ç–∞–∫–æ–π, –û–ª–µ–≥, —á—Ç–æ –±—ã —Å–ø–æ—Ä–∏—Ç—å —Å –≤—Ä–∞—á–æ–º?
–í—Å–µ–≥–æ –¥–æ–±—Ä–æ–≥–æ, –û–ª–µ–≥, –∞–≤–∞–Ω—Å –ø–æ–π–¥–µ—Ç –Ω–∞ –∑–∞–Ω—è—Ç–∏—è –∏–ø–æ—Ç–µ—Ä–∞–ø–∏–µ–π.",{'count': 23539}
66498,[],"–û–ª–µ–≥, –≤ —Å–≤—è–∑–∏ —Å —Ç–µ–º, —á—Ç–æ —Å–µ–≥–æ–¥–Ω—è —Ä–∞–±–æ—Ç–∞–µ—Ç —Ç–æ–ª—å–∫–æ –æ–¥–∏–Ω –ü–æ–≤–∞—Ä, –º—ã –Ω–µ —Å–º–æ–∂–µ–º –≤—ã–ø–æ–ª–Ω–∏—Ç—å –í–∞—à –∑–∞–∫–∞–∑ –Ω–∞ 25 –æ–±–µ–¥–æ–≤. –û—á–µ–Ω—å –±–ª–∞–≥–æ–¥–∞—Ä–∏–º –∑–∞ –≤–Ω–µ—Å–µ–Ω–Ω—É—é –ø—Ä–µ–¥–æ–ø–ª–∞—Ç—É! –ò –ø–æ–∑–¥—Ä–∞–≤–ª—è–µ–º —Å –î–Ω—ë–º –†–æ–∂–¥–µ–Ω–∏—è! –ü–æ—Å—Ç–∞—Ä–∞–µ–º—Å—è –≤—ã–ø–æ–ª–Ω–∏—Ç—å –í–∞—à –∑–∞–∫–∞–∑ –≤ —Å–ª–µ–¥—É—é—â–∏–µ –¥–Ω–∏. –†–∞–∑—É–º–µ–µ—Ç—Å—è, –≤—Ö–æ–¥–∏–º –≤ –í–∞—à–µ –ø–æ–ª–æ–∂–µ–Ω–∏–µ, –Ω–æ –ø–æ—Å—Ç–∞—Ä–∞–π—Ç–µ—Å—å, –ø–æ–∂–∞–ª—É–π—Å—Ç–∞, –∏ –í—ã –≤–æ–π—Ç–∏ –≤ –Ω–∞—à–µ...",{'count': 8033}
66478,[],"–û–ª–µ–≥, —Å–µ–≥–æ–¥–Ω—è —è —É—Å—Ç–∞–ª–∞",{'count': 11202}
66470,[],"–û–ª–µ–≥, –Ω–∞—à—É —Å–µ–≥–æ–¥–Ω—è—à–Ω—é—é –≤—Å—Ç—Ä–µ—á—É –ø–æ –ø—Ä–æ–µ–∫—Ç—É –ø—Ä–∏–¥—ë—Ç—Å—è –æ—Ç–º–µ–Ω–∏—Ç—å. 
–î–µ–ª–æ –≤ —Ç–æ–º, —á—Ç–æ –≤ —Ç–æ—Ç –º–æ–º–µ–Ω—Ç, –∫–æ–≥–¥–∞ —è —É–∂–µ –≤—ã—à–µ–ª –∏–∑ –æ—Ñ–∏—Å–∞, —á—Ç–æ–±—ã –µ—Ö–∞—Ç—å –∫ –≤–∞–º, —è –≤–Ω–µ–∑–∞–ø–Ω–æ –ø–µ—Ä–µ–¥—É–º–∞–ª. –í–æ–æ–±—â–µ —Å–æ –º–Ω–æ–π —Ç–∞–∫–æ–≥–æ —Ä–∞–Ω—å—à–µ –Ω–µ —Å–ª—É—á–∞–ª–æ—Å—å. –ï—Å–ª–∏ —É–∂ —è –Ω–µ –ø—Ä–∏–µ–∑–∂–∞–ª –∫ –≤–∞–º —Ä–∞–Ω—å—à–µ, —Ç–∞–∫ —ç—Ç–æ –±—ã–ª–æ –∑–∞—Ä–∞–Ω–µ–µ —Å–ø–ª–∞–Ω–∏—Ä–æ–≤–∞–Ω–Ω–æ–µ –∏ –≤–∑–≤–µ—à–µ–Ω–Ω–æ–µ —Ä–µ—à–µ–Ω–∏–µ. –ê –≤–æ—Ç —Ç–∞–∫ –≤–æ—Ç —á—Ç–æ–±—ã –Ω–∞–¥—É–º–∞—Ç—å –∏ –≤–¥—Ä—É–≥ —Ä–µ–∑–∫–æ –ø–µ—Ä–µ–¥—É–º–∞—Ç—å... –í–∏—Ç–∞–º–∏–Ω—ã –Ω–∞–¥–æ –±—ã —á—Ç–æ –ª–∏ –ø—Ä–æ–ø–∏—Ç—å.",{'count': 18998}
66455,[],"–û–ª–µ–≥, –µ—Å–ª–∏ –≤—ã —Å—è–¥–µ—Ç–µ –Ω–∞ –±–µ—Ä–µ–≥—É —Ä–µ–∫–∏ –∏ –±—É–¥–µ—Ç–µ —Å–∏–¥–µ—Ç—å –¥–æ—Å—Ç–∞—Ç–æ—á–Ω–æ –¥–æ–ª–≥–æ, —Ç–æ –º—ã –≤—Å–µ —Å–¥–æ—Ö–Ω–µ–º –∏ –ø—Ä–æ–ø–ª—ã–≤–µ–º –º–∏–º–æ –≤–∞—Å –≤–º–µ—Å—Ç–µ —Å –≤–∞—à–∏–º –ø—Ä–æ–µ–∫—Ç–æ–º.",{'count': 13815}
66447,[],"–ê–ª–ª–æ, –û–ª–µ–≥? –Ø –Ω–µ –º–æ–≥—É –≥–æ–≤–æ—Ä–∏—Ç—å —Å–µ–π—á–∞—Å. –ê–∞–∞, —ç—Ç–æ —è –í–∞–º –ø–æ–∑–≤–æ–Ω–∏–ª–∞? –ê —è —Ç–æ –¥—É–º–∞—é, –ø–æ—á–µ–º—É —ç—Ç–æ—Ç –Ω–æ–º–µ—Ä –∑–∞—á–µ—Ä–∫–Ω—É—Ç. –î–∞-–¥–∞, –º—ã –ø–æ–∑–≤–æ–Ω–∏–ª–∏, —á—Ç–æ–±—ã —É–∑–Ω–∞—Ç—å –∫–∞–∫ –≤—ã –æ—Ü–µ–Ω–∏–≤–∞–µ—Ç–µ —Ä–∞–±–æ—Ç—É –Ω–∞—à–µ–π –∫–æ–º–ø–∞–Ω–∏–∏. –ì–æ–≤–æ—Ä–∏—Ç–µ, —á—Ç–æ –ø—Ä–æ–∫–ª–∏–Ω–∞–µ—Ç–µ —Ç–æ—Ç –¥–µ–Ω—å, –∫–æ–≥–¥–∞ —Å–≤—è–∑–∞–ª–∏—Å—å —Å –Ω–∞–º–∏? –ü–æ–Ω–∏–º–∞—é, –≥—Ä—É—Å—Ç–Ω–æ, —á—Ç–æ —É–ø—É—â–µ–Ω–æ —Å—Ç–æ–ª—å–∫–æ –∞–≤–∞–Ω—Å..–∫—Ö–µ-–∫—Ö–µ, –≤ —Å–º—ã—Å–ª–µ, —Å—Ç–æ–ª—å–∫–æ –∏–Ω—Ç–µ—Ä–µ—Å–Ω—ã—Ö –∏ –∫—Ä—É–ø–Ω—ã—Ö –ø—Ä–æ–µ–∫—Ç–æ–≤. –î–∞ —á—Ç–æ–±—ã –º—ã –≤ –∞–¥—É –≥–æ—Ä–µ–ª–∏? –û–ª–µ–≥, –í—ã –∫–∞–∫ –≤—Å–µ–≥–¥–∞ –≤ —Å–≤–æ–µ–º —Ä–µ–ø–µ—Ä—Ç—É–∞—Ä–µ. –ö–æ–Ω–µ—á–Ω–æ, –¥–∞–∂–µ —Å–∞–º—ã–µ –≥—Ä–µ—à–Ω—ã–µ –¥–æ—Å—Ç–æ–π–Ω—ã —Ç–∞–∫–∏—Ö —Å–ø–µ—Ü–∏–∞–ª–∏—Å—Ç–æ–≤ –∫–∞–∫ –º—ã! –ü–æ–¥–æ–∂–∂–µ—Ç–µ –Ω–∞—à —Ñ–∏–ª–∏–∞–ª?? –ê –∫–∞–∫ –≤—ã –¥–æ–≥–∞–¥–∞–ª–∏—Å—å, —á—Ç–æ –º—ã —Å–æ–±–∏—Ä–∞–µ–º—Å—è –ø–µ—Ä–µ–µ–∑–∂–∞—Ç—å? –û–ª–µ–≥, —Ç–∞–∫, –∫–∞–∫–∞—è –æ—Ü–µ–Ω–∫–∞ —Ä–∞–±–æ—Ç—ã? –ê–ª–ª–æ, –í–∞—Å –ø–ª–æ—Ö–æ —Å–ª—ã—à–Ω–æ! –ù–æ–ª—å? –ê–∞–∞, –Ω–æ–ª—å –ø—Ä–µ—Ç–µ–Ω–∑–∏–π –∫ –Ω–∞—à–µ–π —Ñ–∏—Ä–º–µ. –ó–Ω–∞—á–∏—Ç, –¥–µ—Å—è—Ç—å. –°–ø–∞—Å–∏–±–æ –∑–∞ –æ—Ü–µ–Ω–∫—É, –û–ª–µ–≥.",{'count': 21202}
66440,[],"–ó–¥—Ä–∞–≤—Å—Ç–≤—É–π—Ç–µ, –û–ª–µ–≥. –ù–∞—à –∞—Å—Ç—Ä–æ–ª–æ–≥ —Å–æ—Å—Ç–∞–≤–∏–ª –¥–ª—è –≤–∞—Å –≥–æ—Ä–æ—Å–∫–æ–ø –Ω–∞ –±—É–¥—É—â–∏–π –≥–æ–¥. –•–æ—á—É –ø—Ä–µ–¥—É–ø—Ä–µ–¥–∏—Ç—å, —á—Ç–æ –ø—Ä–æ–≥–Ω–æ–∑ –Ω–µ—É—Ç–µ—à–∏—Ç–µ–ª—å–Ω—ã–π. –í–æ–∑–º–æ–∂–Ω—ã —Ñ–∏–Ω–∞–Ω—Å–æ–≤—ã–µ –ø–æ—Ç–µ—Ä–∏, –Ω–µ—É–¥–∞—á–∏ –≤ –¥–µ–ª–∞—Ö –∏ –¥–∞–∂–µ –±–∞–Ω–∫—Ä–æ—Ç—Å—Ç–≤–æ! –ü–æ—ç—Ç–æ–º—É –≤—ã–Ω—É–∂–¥–µ–Ω—ã –ø–æ–ø—Ä–æ—Å–∏—Ç—å –≤–∞—Å –∫–∞–∫ –º–æ–∂–Ω–æ —Å–∫–æ—Ä–µ–µ –ø–µ—Ä–µ—á–∏—Å–ª–∏—Ç—å –Ω–∞ –Ω–∞—à —Å—á–µ—Ç –≤—Å—é —Å—É–º–º—É –ø–æ –¥–æ–≥–æ–≤–æ—Ä—É, –∏–Ω–∞—á–µ –Ω–∞–º –±—É–¥–µ—Ç —Å–ª–æ–∂–Ω–æ –ø—Ä–æ–¥–æ–ª–∂–∞—Ç—å —Å–æ—Ç—Ä—É–¥–Ω–∏—á–µ—Å—Ç–≤–æ —Å —Ç–∞–∫–∏–º –Ω–µ–Ω–∞–¥–µ–∂–Ω—ã–º –ø–∞—Ä—Ç–Ω–µ—Ä–æ–º.",{'count': 6486}
66426,[],"–û–ª–µ–≥, –≤–æ—Ç —è —Ä–∞–Ω—å—à–µ –ø–æ—á–µ–º—É —Ç–∞–∫–æ–π –∑–ª–æ–π –±—ã–ª? –ê –ø–æ—Ç–æ–º—É, —á—Ç–æ —É –º–µ–Ω—è –≤–µ–ª–æ—Å–∏–ø–µ–¥–∞ –Ω–µ –±—ã–ª–æ. –°–ø–∞—Å–∏–±–æ –∑–∞ –∞–≤–∞–Ω—Å. –ê –≤–∞—Å –≤ –ø–æ–ª–∏–∫–ª–∏–Ω–∏–∫—É –Ω–∞–¥–æ —Å–¥–∞—Ç—å –¥–ª—è –æ–ø—ã—Ç–æ–≤.",{'count': 20570}
66423,[],"–û–ª–µ–≥, —Å–≤–æ–∏–º –æ—Ç–∫–∞–∑–æ–º –ø–ª–∞—Ç–∏—Ç—å –µ—â—ë, –≤—ã –Ω–∞–º –ø–æ–∫–∞–∑—ã–≤–∞–µ—Ç–µ, —á—Ç–æ —Ä–µ–∑—É–ª—å—Ç–∞—Ç –≤–∞—Å —É—Å—Ç—Ä–∞–∏–≤–∞–µ—Ç –∏ –Ω–∞—à–µ —Å–æ—Ç—Ä—É–¥–Ω–∏—á–µ—Å—Ç–≤–æ –ø—Ä–µ—Ä—ã–≤–∞–µ—Ç—Å—è. –ù–æ –º—ã, –∫–∞–∫ —Å–ø–µ—Ü–∏–∞–ª–∏—Å—Ç—ã, –≤–∏–¥–∏–º –≤ –≤–∞—à–µ–º –ø—Ä–æ–µ–∫—Ç–µ –µ—â—ë –º–∞—Å—Å—É –Ω–µ –æ—Ç–∫—Ä—ã—Ç—ã—Ö –≤–æ–∑–º–æ–∂–Ω–æ—Å—Ç–µ–π –∏ –≥–µ–Ω–∏–∞–ª—å–Ω—ã—Ö –æ—Ç–∫—Ä—ã—Ç–∏–π, –∫–æ—Ç–æ—Ä—ã–µ –ø—Ä–∏–Ω–µ—Å—É—Ç –≤—Å–µ–º –Ω–∞–º –º–∞—Å—Å—É –ø—Ä–∏–±—ã–ª–∏. –•–æ—Ç–∏—Ç–µ –æ–± —ç—Ç–æ–º –ø–æ–≥–æ–≤–æ—Ä–∏—Ç—å?",{'count': 6902}
66410,[],"–ó–¥—Ä–∞–≤—Å—Ç–≤—É–π—Ç–µ, –û–ª–µ–≥. –í –≤–∞—à–µ–º –ø–æ—Å–ª–µ–¥–Ω–µ–º —Å–æ–æ–±—â–µ–Ω–∏–∏ —á—É–≤—Å—Ç–≤—É–µ—Ç—Å—è –∞–≥—Ä–µ—Å—Å–∏—è –∏ —Ä–∞–∑–¥—Ä–∞–∂–µ–Ω–∏–µ. –°–∫–∞–∂–∏—Ç–µ, –ø–æ—á–µ–º—É —ç—Ç–æ—Ç –ø—Ä–æ–µ–∫—Ç —Ç–∞–∫ –≤–∞–∂–µ–Ω –¥–ª—è –í–∞—Å? –ú–æ–∂–µ–º –ª–∏ –º—ã –æ—Ç—Å–ª–µ–¥–∏—Ç—å —Å–≤—è–∑—å –º–µ–∂–¥—É —ç—Ç–∏–º –ø—Ä–æ–µ–∫—Ç–æ–º –∏ —Ç–µ–º –¥–Ω–µ–º, –∫–æ–≥–¥–∞ –≤–∞—Å –∑–∞–±—ã–ª–∏ –∑–∞–±—Ä–∞—Ç—å –∏–∑ –¥–µ—Ç—Å–∫–æ–≥–æ —Å–∞–¥–∞ —Ç–æ–π —Å–∞–º–æ–π –∑–∏–º–æ–π? –û–ª–µ–≥, —ç—Ç–æ –Ω—É–∂–Ω–æ –æ—Ç–ø—É—Å—Ç–∏—Ç—å.
–ü–æ–º–Ω–∏—Ç–µ, –Ω–µ–ª—å–∑—è –ø–æ—Å—Ç—Ä–æ–∏—Ç—å –±—É–¥—É—â–µ–µ, –Ω–µ –æ—Ç–ø—É—Å—Ç–∏–≤ –ø—Ä–æ—à–ª–æ–µ. –Ø –ø–æ–Ω–∏–º–∞—é, —á—Ç–æ –∑–∞–±—ã—Ç—å –≤—Å–µ –∏ –Ω–∞—á–∞—Ç—å –∑–∞–Ω–æ–≤–æ - —ç—Ç–æ —Å–ª–æ–∂–Ω–æ. –ù–∞—á–Ω–µ–º —Å –º–∞–ª–µ–Ω—å–∫–∏—Ö —à–∞–≥–æ–≤. –ó–∞–±—É–¥—å—Ç–µ –æ –ø—Ä–µ–¥—ã–¥—É—â–∏—Ö –∞–≤–∞–Ω—Å–∞—Ö, –ø—Ä–∏—à–ª–∏—Ç–µ –Ω–æ–≤—ã–π. –ù–æ –ø–æ–º–Ω–∏—Ç–µ, —á—Ç–æ —ç—Ç–æ –Ω–µ –ø—Ä–æ—Å—Ç–æ –¥–µ–Ω—å–≥–∏ - —ç—Ç–æ –≤–∫–ª–∞–¥ –≤ –±—É–¥—É—â–µ–µ.",{'count': 18099}
66401,[],"–í—Å—è–∫–∏–π —Ä–∞–∑ –∫–æ–≥–¥–∞ —Ç—ã –º–Ω–µ –ø–∏—à–µ—à—å, —è —á—É–≤—Å—Ç–≤—É—é —á—Ç–æ —ç—Ç–æ –Ω–µ—á—Ç–æ –±–æ–ª—å—à–µ, —á–µ–º –ø—Ä–æ—Å—Ç–æ —ç–ª–∏—Ç–Ω—ã–π —Ñ–ª–∏—Ä—Ç, –û–ª–µ–≥.
–¢—ã –≤—Å–µ–≥–¥–∞ —Ç–∞–∫ –Ω–∞—Å—Ç–æ–π—á–∏–≤–æ –≤–æ–ø—Ä–æ—à–∞–µ—à—å –æ –≤–∞–∂–Ω—ã—Ö –¥–ª—è —Ç–µ–±—è –≤–µ—â–∞—Ö, —á—Ç–æ —è –≤–æ–ª–µ–π-–Ω–µ–≤–æ–ª–µ–π –Ω–∞—á–∏–Ω–∞—é –ø—Ä–æ–∫—Ä—É—á–∏–≤–∞—Ç—å –≤ –≥–æ–ª–æ–≤–µ, –∫–∞–∫–æ–π —Ç—ã –ª—é–±–æ–≤–Ω–∏–∫.
–ï—Å–ª–∏ —á—É–≤—Å—Ç–≤–∞ –≤–∑–∞–∏–º–Ω—ã, –ø–µ—Ä–µ–≤–µ–¥–∏ –∞–≤–∞–Ω—Å –≤ –¥–≤–æ–π–Ω–æ–º —Ä–∞–∑–º–µ—Ä–µ.
–ï—Å–ª–∏ –Ω–µ—Ç - –≤ —Ç—Ä–æ–π–Ω–æ–º.
–ò –¥–∞, –º—ã —Ç–µ–ø–µ—Ä—å –Ω–∞ —Ç—ã.",{'count': 18622}
66390,[],"–û–ª–µ–≥, –≤—ã –æ—á–µ–Ω—å —Ö–æ—Ä–æ—à–∏–π —á–µ–ª–æ–≤–µ–∫ –∏ —Å–ø–∞—Å–∏–±–æ, —á—Ç–æ –≤—ã—Å–ª–∞–ª–∏ –∞–≤–∞–Ω—Å –≤ 3—Ö –∫—Ä–∞—Ç–Ω–æ–º —Ä–∞–∑–º–µ—Ä–µ, –º—ã –æ—Ç–ª–∏—á–Ω–æ –ø–æ–µ–ª–∏ –ø–∏—Ü—Ü—É –≤—Å–µ–º –æ—Ç–¥–µ–ª–æ–º. –ù–æ –∫ —Å–æ–∂–∞–ª–µ–Ω–∏—é, –Ω–∞—à –¢–∞—Ä–æ–ª–æ–≥ - –≥–ª–∞–≤–±—É—Ö —Å–¥–µ–ª–∞–ª —Ä–∞—Å–∫–ª–∞–¥ –Ω–∞ –ø—Ä–æ–µ–∫—Ç, –≤—ã–ø–∞–ª–∞ –±–∞—à–Ω—è –∏ —Ç—É–∑ –º–µ—á–µ–π, –∞ –∑–Ω–∞—á–∏—Ç –¥–∞–ª—å—à–µ –ø—É—Å—Ç—ã—Ö –∞–º–±–∏—Ü–∏–π —ç—Ç–æ –Ω–∏ –∫ —á–µ–º—É –Ω–µ –ø—Ä–∏–≤–µ–¥–µ—Ç . –ò–∑–≤–∏–Ω–∏—Ç–µ, –û–ª–µ–≥, –≤—ã —Å–∞–º–∏ –≤–∏–Ω–æ–≤–∞—Ç—ã.",{'count': 9349}
66381,[],"–û–ª–µ–≥, –º—ã —Ö–æ—Ç–µ–ª–∏ –±—ã –ø—Ä–∏–Ω–µ—Å—Ç–∏ —Å–≤–æ–∏ –≥–ª—É–±–æ—á–∞–π—à–∏–µ –∏–∑–≤–∏–Ω–µ–Ω–∏—è –ø–æ –ø–æ–≤–æ–¥—É —Å–æ—Ä–≤–∞–Ω–Ω—ã—Ö —Å—Ä–æ–∫–æ–≤, –Ω–æ –ø–∞—Ü–∞–Ω—ã –Ω–µ –∏–∑–≤–∏–Ω—è—é—Ç—Å—è, –Ω–µ –æ–±–µ—Å—Å—É–¥—å—Ç–µ...",{'count': 9250}
66373,[],"–û–ª–µ–≥, –∫–∞–∫ –±—ã –í–∞–º –æ–±—ä—è—Å–Ω–∏—Ç—å, –í–∞—à –ø—Ä–æ–µ–∫—Ç - —ç—Ç–æ –∫–∞–∫ –µ–¥–∞ –ø–æ—Å–ª–µ –ù–æ–≤–æ–≥–æ –ì–æ–¥–∞ –Ω–∞ –ø—è—Ç—ã–π –¥–µ–Ω—å. –í—Ä–æ–¥–µ –∏ –Ω–∞–¥–æ –¥–æ–µ—Å—Ç—å, –Ω–æ –∫–∞–∫-—Ç–æ –∂–µ–ª–∞–Ω–∏—è –æ—Å–æ–±–æ–≥–æ –Ω–µ—Ç, –¥–∞ –∏ –µ—Å–ª–∏ –ø—Ä–∏–Ω—é—Ö–∞—Ç—å—Å—è, –∑–∞–ø–∞—Ö –∫–∞–∫–æ–π-—Ç–æ —Å—Ç—Ä–∞–Ω–Ω—ã–π. –¢–∞–∫ —á—Ç–æ –¥–∞–≤–∞–π—Ç–µ –∑–∞–ø—É—Å—Ç–∏–º –∞–≤–∞–Ω—Å, –∏ –ø—Ä–∏–≥–æ—Ç–æ–≤–∏–º –≤—Å—ë —Å–≤–µ–∂–µ–µ.",{'count': 8341}
66365,[],"–ë—Ä–∞—Ç –Ω–∞—à, —Ä–∞–± –ë–æ–∂–∏–π –û–ª–µ–≥!
–í—ã–Ω—É–∂–¥–µ–Ω—ã —Å–æ–æ–±—â–∏—Ç—å, —á—Ç–æ –≥–æ—Ç–æ–≤—ã–π –ø—Ä–æ–µ–∫—Ç –±—ã–ª –∏–∑—ä—è—Ç –°–≤—è—Ç–æ–π –ò–Ω–∫–≤–∏–∑–∏—Ü–∏–µ–π –∑–∞ —Ç—É –µ—Ä–µ—Å—å, —á—Ç–æ –º—ã —Ç–∞–º –Ω–∞–¥–µ–ª–∞–ª–∏. –¢–µ–ø–µ—Ä—å –Ω–∞—Å –≤ –ª—É—á—à–µ–º —Å–ª—É—á–∞–µ –æ—Ç–ª—É—á–∞—Ç –æ—Ç –¶–µ—Ä–∫–≤–∏, –∞ –≤ —Ö—É–¥—à–µ–º - —Å–æ–∂–≥—É—Ç. –ò –≤—Å—ë —ç—Ç–æ –∏–∑-–∑–∞ –≤–∞—Å, –û–ª–µ–≥! –ù–æ –≤—ã –µ—â—ë –º–æ–∂–µ—Ç–µ –Ω–∞—Å —Å–ø–∞—Å—Ç–∏! –°—Ä–æ—á–Ω–æ –ø–µ—Ä–µ–≤–µ–¥–∏—Ç–µ –¥–µ–Ω—å–≥–∏ –Ω–∞ –ø–æ–∫—É–ø–∫—É –∏–Ω–¥—É–ª—å–≥–µ–Ω—Ü–∏–π –¥–ª—è –≤—Å–µ–π –∫–æ–º–∞–Ω–¥—ã –ø—Ä–æ–µ–∫—Ç–∞!
–ê–º–∏–Ω—å!",{'count': 9371}
66356,[],"–û–ª–µ–≥, –∫–∞–∫–æ–π –∂–µ –≤—ã –¥—É—à–Ω–∏–ª–∞, —á–µ—Å—Ç–Ω–æ–µ —Å–ª–æ–≤–æ. –°–∫–∏–Ω—å—Ç–µ –∞–≤–∞–Ω—Å",{'count': 8322}
66345,[],"–û–ª–µ–≥, –Ω—É –≤–æ—Ç –ë–æ–≥, –æ–Ω –∂–µ –µ—Å—Ç—å, –∞ –Ω–∏–∫—Ç–æ –µ–≥–æ –ø—Ä–æ—Å—Ç–æ –Ω–µ –≤–∏–¥–∏—Ç 
–° –ø—Ä–æ–µ–∫—Ç–æ–º —Ç–æ–∂–µ —Å–∞–º–æ–µ, –æ–Ω –µ—Å—Ç—å, –ø—Ä–æ—Å—Ç–æ –≤—ã –µ–≥–æ –Ω–µ –≤–∏–¥–∏—Ç–µ 
–ó–∞–¥—É–º–∞–π—Ç–µ—Å—å –Ω–∞–¥ —ç—Ç–∏–º, –û–ª–µ–≥.",{'count': 16785}
66331,[],"–£ –ø—Ä–æ–µ–∫—Ç–æ–≤ –Ω–µ—Ç –ø–ª–æ—Ö–∏—Ö –¥–µ–¥–ª–∞–π–Ω–æ–≤, 
–ú–æ–∂–µ—Ç  –ø–æ—Å–ª–µ –º–∞–π—Å–∫–∏—Ö —Ç–∞–∫ —Å–∫–∞–∑–∞—Ç—å!
–î–æ–∂–¥—å –ª–∏ —Å–Ω–µ–≥, –ª—é–±–æ–µ –≤—Ä–µ–º—è –≥–æ–¥–∞
–ù–∞–¥–æ –≤—Å–µ–π –∫–æ–º–∞–Ω–¥–æ–π –æ—Ç–º–µ—á–∞—Ç—å! 

–û—Ç–∑–≤—É–∫–∏ –¥—É—à–Ω–µ–π—à–µ–≥–æ –ø—Ä–æ–µ–∫—Ç–∞
–í –∫–∞—Ä—Ç–µ –µ—Å—Ç—å –±–µ–∑–¥–µ–Ω–µ–∂—å—è –ø–µ—á–∞—Ç—å
–ö–æ—à–µ–ª–µ—á–∫–∞ –Ω–∞—à–µ–≥–æ —Ä–∞—Å—Ö–æ–¥—ã 
–ù–∞–¥–æ –±—ã –û–ª–µ–≥ –≤–∞–º –ø–æ–ø–æ–ª–Ω—è—Ç—å, 
–ù–∞–¥–æ –±—ã –û–ª–µ–≥ –≤–∞–º –ø–æ–ø–æ–ª–Ω—è—Ç—å. 

–°—Ç–∏–ª—å –ø—Ä–æ–µ–∫—Ç–∞ –∏ –µ–≥–æ –Ω–µ–≤–∑–≥–æ–¥—ã, 
–ü—Ä–∞–∑–¥–Ω–∏–∫–∏ –∫–æ–º–∞–Ω–¥—ã —É–≤–∞–∂–∞—Ç—å
–î–∞ –∏ –¥–∞—Ç—É –≤—ã–ø—É—Å–∫–∞ –ø—Ä–æ–µ–∫—Ç–∞
–ù–∞–¥–æ –±–ª–∞–≥–æ–¥–∞—Ä–Ω–æ –í–∞–º —Å–¥–≤–∏–≥–∞—Ç—å
–ù–∞–¥–æ –±–ª–∞–≥–æ–¥–∞—Ä–Ω–æ –í–∞–º —Å–¥–≤–∏–≥–∞—Ç—å.

P.S. –≥–æ–Ω–æ—Ä–∞—Ä –∂–¥–µ–º –≤–º–µ—Å—Ç–µ —Å –∞–≤–∞–Ω—Å–æ–º. –¢–∞–∫–∂–µ –Ω—É–∂–Ω—ã –¥–µ–Ω—å–≥–∏, —á—Ç–æ–±—ã –ø—Ä–æ–∂–∏—Ç—å –Ω–µ–ø—Ä–æ—Å—Ç–æ–π –ø–µ—Ä–∏–æ–¥ —Ç–≤–æ—Ä—á–µ—Å–∫–æ–≥–æ –∫—Ä–∏–∑–∏—Å–∞.",{'count': 15376}
66310,[],"–û–ª–µ–≥, –∞ –ø–æ—á–µ–º—É –≤–∞–º –≤–∞–∂–Ω–æ –∑–∞–∫–æ–Ω—á–∏—Ç—å –ø—Ä–æ–µ–∫—Ç –∏–º–µ–Ω–Ω–æ –≤ —ç—Ç–æ–º –≥–æ–¥—É? –û —á–µ–º —ç—Ç–æ –¥–ª—è –≤–∞—Å? –ì–¥–µ —ç—Ç–æ –æ—â—É—â–µ–Ω–∏–µ –ª–æ–∫–∞–ª–∏–∑–æ–≤–∞–Ω–æ –≤ —Ç–µ–ª–µ?",{'count': 13561}
66304,[],"–û–ª–µ–≥, —É –º–µ–Ω—è –ø—Ä—è–º –¥–µ–∂–∞–≤—é –∫–∞–∫–æ–µ-—Ç–æ. 
–ú–Ω–µ –ø—Ä–∏—Ö–æ–¥–∏—Ç—Å—è –ø–æ–≤—Ç–æ—Ä—è—Ç—å—Å—è:
–ö–æ–≥–¥–∞ —á–µ–ª–æ–≤–µ–∫ —Å –¥–µ–Ω—å–≥–∞–º–∏ –≤—Å—Ç—Ä–µ—á–∞–µ—Ç —á–µ–ª–æ–≤–µ–∫–∞ —Å –æ–ø—ã—Ç–æ–º, —á–µ–ª–æ–≤–µ–∫ —Å –æ–ø—ã—Ç–æ–º —É—Ö–æ–¥–∏—Ç —Å –¥–µ–Ω—å–≥–∞–º–∏, –∞ –≤—ã –¥–æ—Ä–æ–≥–æ–π –û–ª–µ–≥ –ø—Ä–∏—Ö–æ–¥–∏—Ç–µ –∑–∞–≤—Ç—Ä–∞, –∑–∞—á–µ–º –≤—ã –≤—Å—ë –≤—Ä–µ–º—è –ø—Ä–∏—Ö–æ–¥–∏—Ç–µ —Å–µ–≥–æ–¥–Ω—è?",{'count': 19499}
66296,[],"–£–≤–∞–∂–∞–µ–º—ã–π –ø—Ä–æ–µ–∫—Ç! –í–∞—à –û–ª–µ–≥ –Ω–µ –ø—Ä–∏—Å–ª–∞–ª –∞–≤–∞–Ω—Å, –ø–æ—ç—Ç–æ–º—É –º—ã –≤–∞—Å –∑–∞–≤–µ—Ä—à–∏—Ç—å –Ω–µ –º–æ–∂–µ–º. –°—Ä–æ—á–Ω–æ —Å–≤—è–∂–∏—Ç–µ—Å—å —Å –û–ª–µ–≥–æ–º!",{'count': 8761}
66289,[],"–û–ª–µ–≥, –Ω–∞ —á—Ç–æ –≤—ã –Ω–∞–¥–µ—è–ª–∏—Å—å, –ø–æ—Ä—É—á–∏–≤ —ç—Ç–æ—Ç –ø—Ä–æ–µ–∫—Ç —Ç–∞–∫–∏–º –∂–µ –û–ª–µ–≥–∞–º, –∫–∞–∫ –≤—ã?! –î—É–º–∞–µ—Ç–µ, –Ω–∞–º –≤–µ—Å–µ–ª–æ –±–µ–≥–∞—Ç—å —Ç—É–¥–∞-—Å—é–¥–∞ –∏ –∏—Å–∫–∞—Ç—å –¥—Ä—É–≥–∏—Ö –û–ª–µ–≥–æ–≤, —á—Ç–æ–±—ã –Ω–∞—à–∏ –û–ª–µ–≥–∏ —Å–º–æ–≥–ª–∏ –∑–∞–∫–æ–Ω—á–∏—Ç—å –Ω–∞ –≤–∞—à –∞–≤–∞–Ω—Å –Ω–∞—à –∏ –≤–∞—à –ø—Ä–æ–µ–∫—Ç?!",{'count': 17537}
66276,[],"–í—ã—Å–æ–∫–æ—É–≤–∞–∂–∞–µ–º—ã–π –û–ª–µ–≥,

–≤ –ø–µ—Ä–≤—É—é –æ—á–µ—Ä–µ–¥—å, –ø–æ–∑–≤–æ–ª—å—Ç–µ –≤—ã—Ä–∞–∑–∏—Ç—å –≤–∞–º –ø—Ä–∏–∑–Ω–∞—Ç–µ–ª—å–Ω–æ—Å—Ç—å –∑–∞ –¥–ª–∏—Ç–µ–ª—å–Ω–æ–µ –¥–æ–≤–µ—Ä–∏–µ –∏ –∑–∞ –≤–∞—à–µ —Ç–µ—Ä–ø–µ–Ω–∏–µ –Ω–∞ –ø—Ä–æ—Ç—è–∂–µ–Ω–∏–∏ –≤—Å–µ–≥–æ –Ω–∞—à–µ–≥–æ –ø—Ä–æ–µ–∫—Ç–∞. 

–ü—Ä–∏–∑–Ω–∞—é, –≤ –Ω–∞—à–µ–º –≥—Ä–∞—Ñ–∏–∫–µ –ø—Ä–æ–∏–∑–æ—à–ª–∏ –Ω–µ–∫–æ—Ç–æ—Ä—ã–µ –ø–æ–¥–≤–∏–∂–∫–∏, –æ–¥–Ω–∞–∫–æ, –≤ —Ü–µ–ª–æ–º ‚Äî —Å–∏—Ç—É–∞—Ü–∏—è –æ—Å—Ç–∞—ë—Ç—Å—è –ø–æ–¥ –∫–æ–Ω—Ç—Ä–æ–ª–µ–º. –ú—ã –ø–æ-–ø—Ä–µ–∂–Ω–µ–º—É –≤–µ–¥—ë–º —Ä–∞–±–æ—Ç—ã –Ω–∞–¥ –≤–∞—à–∏–º –ø—Ä–æ–µ–∫—Ç–æ–º, –û–ª–µ–≥ ‚Äî —Å —Ç–µ–º –∂–µ —Å—Ç—Ä–µ–º–ª–µ–Ω–∏–µ–º –∏ —Å —Ç–µ–º –∂–µ –∑–∞–ø–∞–ª–æ–º, —á—Ç–æ –∏ –≤ —Å–∞–º–æ–º –Ω–∞—á–∞–ª–µ.

–ú—ã –ø—Ä–æ–¥–æ–ª–∂–∏–º —Å–≤–æ–µ–≤—Ä–µ–º–µ–Ω–Ω–æ –∏–Ω—Ñ–æ—Ä–º–∏—Ä–æ–≤–∞—Ç—å –≤–∞—Å –æ —Ö–æ–¥–µ —Ä–∞–±–æ—Ç, –ø–æ –º–µ—Ä–µ –¥–∞–ª—å–Ω–µ–π—à–µ–π –Ω–∞—Ä–∞–±–æ—Ç–∫–∏ —Ñ–∞–∫—Ç—É—Ä—ã –∏ –≤–æ–ø–ª–æ—â–µ–Ω–∏—è –≤—Å–µ–π –∫–æ–Ω—Ü–µ–ø—Ü–∏–∏ –ø—Ä–æ–µ–∫—Ç–∞.

–í—ã, —Å–æ —Å–≤–æ–µ–π —Å—Ç–æ—Ä–æ–Ω—ã, —Ç–æ–∂–µ –º–æ–∂–µ—Ç–µ –ø–æ—Å–ø–æ—Å–æ–±—Å—Ç–≤–æ–≤–∞—Ç—å —Å–∫–æ—Ä–µ–π—à–µ–º—É –∞–ø–¥–µ–π—Ç—É –ø—Ä–æ–µ–∫—Ç–∞ ‚Äî –≤—ã–ø–∏—Å–∞–≤ –Ω–∞–º –≤–Ω–µ–æ—á–µ—Ä–µ–¥–Ω–æ–π –∞–≤–∞–Ω—Å. –≠—Ç–∏ —Å—Ä–µ–¥—Å—Ç–≤–∞ —Å–µ–π—á–∞—Å –æ—á–µ–Ω—å –Ω—É–∂–Ω—ã –ø—Ä–æ–µ–∫—Ç—É, –æ–Ω–∏ —Å–ø–æ—Å–æ–±–Ω—ã –ø—Ä–æ—Å—Ç–∏–º—É–ª–∏—Ä–æ–≤–∞—Ç—å –∫—Ä–µ–∞—Ç–∏–≤–Ω–æ—Å—Ç—å –Ω–∞—à–µ–π –∫–æ–º–∞–Ω–¥—ã.

–î–∞–ª—å–Ω–µ–π—à–µ–µ –ø–æ–Ω–∏–º–∞–Ω–∏–µ –ø–æ —Å–∏—Ç—É–∞—Ü–∏–∏ –º—ã –æ–±—è–∑–∞—Ç–µ–ª—å–Ω–æ –ø—Ä–µ–¥–æ—Å—Ç–∞–≤–∏–º –≤–∞–º –ø–æ –º–µ—Ä–µ —Ä–∞–∑–≤–∏—Ç–∏—è —Å—Ç–∞–¥–∏–π –ø—Ä–æ–µ–∫—Ç–∞. –ë–ª–∞–≥–æ–¥–∞—Ä–∏–º –≤–∞—Å –∑–∞ —Å–æ—Ç—Ä—É–¥–Ω–∏—á–µ—Å—Ç–≤–æ, –û–ª–µ–≥!",{'count': 8134}
66257,[],"–û–ª–µ–≥, —É –Ω–∞—Å –Ω–µ—Ç –ø—Ä–∏—á–∏–Ω –≤–∞–º –Ω–µ–¥–æ–≤–µ—Ä—è—Ç—å –≤–µ–¥—å –º—ã –≤–∏–¥–∏–º –≤–∞—Å –≤—Ç–æ—Ä–æ–π —Ä–∞–∑ –≤ –∂–∏–∑–Ω–∏.",{'count': 14078}
66245,[],"–û–ª–µ–≥, —á—Ç–æ –≤—ã –∑–∞–ª–∞–¥–∏–ª–∏ ¬´–ø—Ä–æ–µ–∫—Ç, –¥–∞ –ø—Ä–æ–µ–∫—Ç¬ª‚Ä¶ –≤–∞–º –±—ã –≤—Å–µ –ø–æ–∂–µ—Ä—Ç–≤–∏—Ç—å, –ø–æ–∫–∞–Ω—é—á–∏—Ç—å‚Ä¶ 
–û–ª–µ–≥, –Ω—É –≤—ã –∂–µ –≤ –¥–µ—Ç—Å–∫–æ–π –ø–æ–∑–∏—Ü–∏–∏!
–î–µ–ª–∞—Ç—å –ø—Ä–æ–µ–∫—Ç –¥–ª—è –≤–∞—Å –∏–∑ ¬´—Å–ø–∞—Å–∞—Ç–µ–ª—è¬ª —Å–æ–≤—Å–µ–º –Ω–µ —Ö–æ—á–µ—Ç—Å—è. –ú—ã –Ω–µ –≤–æ–≤–ª–µ–∫–∞–µ–º—Å—è –≤ —Ä–∞–∑–Ω–æ–≥–æ —Ä–æ–¥–∞ —Å–æ–∑–∞–≤–∏—Å–∏–º–æ—Å—Ç–∏. –ú—ã –æ—Å–æ–±–Ω—è—á–∫–æ–º.
–î–∞–π—Ç–µ –∑–Ω–∞—Ç—å, –∫–æ–≥–¥–∞ –≤–µ—Ä–Ω–µ—Ç–µ—Å—å –≤–æ –≤–∑—Ä–æ—Å–ª—É—é –ø–æ–∑–∏—Ü–∏—é –∏ –ø—Ä–∏—à–ª—ë—Ç–µ –∞–≤–∞–Ω—Å.",{'count': 19686}
66229,[],"–í—ã –±—ã –Ω–µ –Ω–∞—É—á–∏–ª–∏—Å—å –∫–∞—Ç–∞—Ç—å—Å—è –Ω–∞ –≤–µ–ª–æ—Å–∏–ø–µ–¥–µ, –µ—Å–ª–∏ –±—ã –≤–∞—Å –æ–¥–Ω–∞–∂–¥—ã –Ω–µ –æ—Ç–ø—É—Å—Ç–∏–ª —Ç–æ—Ç, –∫–æ–º—É –≤—ã –¥–æ–≤–µ—Ä—è–ª–∏

–º—ã –Ω–µ —É—Å–ø–µ–≤–∞–µ–º –∑–∞–∫–æ–Ω—á–∏—Ç—å –≤–∞—à –ø—Ä–æ–µ–∫—Ç –∫ –¥–µ–¥–ª–∞–π–Ω—É, –û–ª–µ–≥

—ç—Ç–æ—Ç –±–µ—Å–ø–ª–∞—Ç–Ω—ã–π –∂–∏–∑–Ω–µ–Ω–Ω—ã–π —É—Ä–æ–∫ —à–µ–ª –≤ –ø–æ–¥–∞—Ä–æ–∫ –æ—Ç –Ω–∞—à–µ–π –∫–æ–º–ø–∞–Ω–∏–∏, –û–ª–µ–≥",{'count': 28842}
66220,[],"–û–ª–µ–≥, –º—ã –∂–∏–≤–µ–º –≤ —Å–∏–º—É–ª—è—Ü–∏–∏! –ü–æ—ç—Ç–æ–º—É, –∏–ª–∏ –≤—ã –Ω–∞–º MOTHERLODE, –û–ª–µ–≥, –∏–ª–∏ –ø–µ–Ω—è–π—Ç–µ –Ω–∞ —Å–µ–±—è - —É –Ω–∞—Å IDDQD.",{'count': 11097}
66211,[],"–û–ª–µ–≥, –∑–¥—Ä–∞–≤—Å—Ç–≤—É–π—Ç–µ, –Ω–∞—Å—á—ë—Ç –ø—Ä–æ–µ–∫—Ç–∞ 
–¢–∞–∫ –ø–æ–ª—É—á–∏–ª–æ—Å—å, —á—Ç–æ –≤–∞—à –ø—Ä–µ–¥—ã–¥—É—â–∏–π –º–µ–Ω–µ–¥–∂–µ—Ä –≤—á–µ—Ä–∞ –∏ —Å–µ–≥–æ–¥–Ω—è –Ω–∞ —Ä–∞–±–æ—Ç–µ –Ω–µ –ø–æ—è–≤–ª—è–ª—Å—è, —Ç–µ–ª–µ—Ñ–æ–Ω –Ω–µ–¥–æ—Å—Ç—É–ø–µ–Ω. –í –ø–æ–ª–∏—Ü–∏—é –∑–∞—è–≤–ª–µ–Ω–∏–µ –Ω–∞–ø—Ä–∞–≤–∏–ª–∏, —Å–µ–π—á–∞—Å –∏—â–µ–º –µ–≥–æ, –æ–±–∑–≤–∞–Ω–∏–≤–∞–µ–º —Ä–æ–¥—Å—Ç–≤–µ–Ω–Ω–∏–∫–æ–≤, –¥—É–º–∞–µ–º –ø–æ–¥–∫–ª—é—á–∞—Ç—å –≤–æ–ª–æ–Ω—Ç–µ—Ä–æ–≤.
–£ –≤–∞—Å –Ω–µ—Ç –∏–Ω—Ñ–æ—Ä–º–∞—Ü–∏–∏ –≥–¥–µ –±—ã –æ–Ω –º–æ–≥ –±—ã—Ç—å? 
–°–∞–º–æ–µ –æ–±–∏–¥–Ω–æ–µ —á—Ç–æ —É –Ω–µ–≥–æ –ø—Ä–∏ —Å–µ–±–µ –±—ã–ª–∞ —Ñ–ª–µ—à–∫–∞ —Å –≤–∞—à–∏–º –ø—Ä–æ–µ–∫—Ç–æ–º, —Ç–∞–∫ —á—Ç–æ –∏–∑–≤–∏–Ω–∏—Ç–µ –∑–∞ –∑–∞–¥–µ—Ä–∂–∫—É. 
–ï—Å–ª–∏ –±—É–¥–µ—Ç –∏–Ω—Ñ–æ—Ä–º–∞—Ü–∏—è –Ω–∞—Å—á—ë—Ç –º–µ–Ω–µ–¥–∂–µ—Ä–∞, –¥–∞–π—Ç–µ –ø–æ–∂–∞–ª—É–π—Å—Ç–∞ –∑–Ω–∞—Ç—å!üôè",{'count': 9788}
66205,[],"–û–ª–µ–≥, –º—ã, –∫–æ–Ω–µ—á–Ω–æ, –ø–æ–Ω–∏–º–∞–µ–º, —á—Ç–æ –í—ã —Ä–µ—à–∏–ª–∏ –∑–∞–≤–µ—Å—Ç–∏ —Å–µ–±–µ –∂–µ–Ω—Å–∫–æ–µ –∞–ª—å—Ç–µ—Ä —ç–≥–æ, —á—Ç–æ–±—ã –Ω–µ –ø–ª–∞—Ç–∏—Ç—å –∞–≤–∞–Ω—Å, –Ω–æ —ç—Ç–∞ –í–∞—à–∞ –û–ª—å–≥–∞ –ø–æ—Å—Ç–æ—è–Ω–Ω–æ –∫—Ä–∏—á–∏—Ç –Ω–∞ –Ω–∞—Å –∏ –≤–≤–æ–¥–∏—Ç –≤ –∑–∞–±–ª—É–∂–¥–µ–Ω–∏–µ –æ—Ç–Ω–æ—Å–∏—Ç–µ–ª—å–Ω–æ —Å—Ä–æ–∫–æ–≤ –æ–∫–æ–Ω—á–∞—Ç–µ–ª—å–Ω–æ–π —Å–¥–∞—á–∏ –ø—Ä–æ–µ–∫—Ç–∞. –ù–∞–º —ç—Ç–æ –¥–æ—Å—Ç–∞–≤–ª—è–µ—Ç –∑–Ω–∞—á–∏—Ç–µ–ª—å–Ω—ã–µ –Ω–µ—É–¥–æ–±—Å—Ç–≤–∞, –ø—Ä–µ–∂–¥–µ –≤—Å–µ–≥–æ, –º–æ—Ä–∞–ª—å–Ω–æ-–ø—Å–∏—Ö–æ–ª–æ–≥–∏—á–µ—Å–∫–æ–≥–æ –ø–ª–∞–Ω–∞. –£–≤–æ–ª—å—Ç–µ —ç—Ç—É —Å–≤–æ—é –û–ª—å–≥—É –∏ –ø–æ–≥–æ–≤–æ—Ä–∏—Ç–µ –Ω–∞–∫–æ–Ω–µ—Ü —Å –Ω–∞–º–∏ —Å–∞–º–∏, –û–ª–µ–≥! –ü–æ–ª—å–∑—É—è—Å—å —Å–ª—É—á–∞–µ–º, –Ω–∞–ø–æ–º–Ω—é, —á—Ç–æ –º—ã –∂–¥—ë–º –æ—Ç –í–∞—Å –∞–≤–∞–Ω—Å",{'count': 10572}
66193,[],"–£–≤–∞–∂–∞–µ–º—ã–π –û–ª–µ–≥, –≤—á–µ—Ä–∞ —è —Å–æ–±—Ä–∞–ª–∞—Å—å –æ—Ç–ø—Ä–∞–≤–ª—è—Ç—å –≤–∞–º –≥–æ—Ç–æ–≤—ã–π –ø—Ä–æ–µ–∫—Ç, —á—Ç–æ–±—ã –Ω–∞–∫–æ–Ω–µ—Ü —Ä–∞—Å—Å—Ç–∞–≤–∏—Ç—å –≤—Å–µ —Ç–æ—á–∫–∏ –Ω–∞–¥ ¬´–∏¬ª. –ö–∞–∫ –≤–¥—Ä—É–≥ –ø–æ–Ω—è–ª–∞, —á—Ç–æ –≤ —Ä—É—Å—Å–∫–æ–º –∞–ª—Ñ–∞–≤–∏—Ç–µ –Ω–∞–¥ –±—É–∫–≤–æ–π ¬´–∏¬ª —Ç–æ—á–µ–∫ –Ω–µ—Ç –∏ –±—ã—Ç—å –Ω–µ –º–æ–∂–µ—Ç! –≠—Ç–æ –æ—Ç–∫—Ä—ã—Ç–∏–µ –≤—ã–∑–≤–∞–ª–æ –≤–æ –º–Ω–µ –ø—Ä–æ—Ç–∏–≤–æ—Ä–µ—á–∏–≤—ã–µ —á—É–≤—Å—Ç–≤–∞. –í —Å–≤—è–∑–∏ —Å —ç—Ç–∏–º —è –≤—ã–Ω—É–∂–¥–µ–Ω–∞ –≤–∑—è—Ç—å –ø–∞—É–∑—É,  —á—Ç–æ–±—ã —Ä–∞–∑—Ä–µ—à–∏—Ç—å –≤–æ–∑–Ω–∏–∫—à–∏–π –∫–æ–≥–Ω–∏—Ç–∏–≤–Ω—ã–π –¥–∏—Å—Å–æ–Ω–∞–Ω—Å.",{'count': 22943}
66183,[],"–û–ª–µ–≥, –º–Ω–µ –ø—Ä–∏—Å–Ω–∏–ª–æ—Å—å, —á—Ç–æ —è —É–∂–µ —Å–¥–∞–ª –ø—Ä–æ–µ–∫—Ç, –∞ —Å —á–µ—Ç–≤–µ—Ä–≥–∞ –Ω–∞ –ø—è—Ç–Ω–∏—Ü—É —Å–Ω—ã –≤–µ—â–∏–µ. –°–ø–∞—Å–∏–±–æ –∑–∞ —Å–æ—Ç—Ä—É–¥–Ω–∏—á–µ—Å—Ç–≤–æ!",{'count': 13886}
66161,[],"–£–≤–∞–∂–∞–µ–º—ã–π –û–ª–µ–≥! –ê–≤–∞–Ω—Å –º—ã –ø–æ–ª—É—á–∏–ª–∏, –ø—Ä–æ–µ–∫—Ç –≤ —Ä–∞–±–æ—Ç—É –∑–∞–ø—É—Å—Ç–∏–ª–∏, –í—ã –¥–∞–∂–µ –Ω–µ –ø—Ä–µ–¥—Å—Ç–∞–≤–ª—è–µ—Ç–µ –∫–∞–∫ –≤—Å—ë –∑–∞–ø—É—â–µ–Ω–æ, –û–ª–µ–≥. –í–æ –∏–∑–±–µ–∂–∞–Ω–∏–∏ –æ—Å—Ç–∞–Ω–æ–≤–∫–∏ –∑–∞–ø—É—Å–∫–∞, –ø—Ä–æ—à—É –í–∞—Å —Å—Ä–æ—á–Ω–æ –ø–µ—Ä–µ–≤–µ—Å—Ç–∏ –æ—Å—Ç–∞—Ç–æ–∫ —Å—Ç–æ–∏–º–æ—Å—Ç–∏ –ø—Ä–æ–µ–∫—Ç–∞. ¬´–ü–æ–µ—Ö–∞–ª–∏!¬ª",{'count': 9791}
66155,[],"–û–ª–µ–≥, –∞ –∫–∞–∫ –≤—ã —Å–∞–º–∏ –¥—É–º–∞–µ—Ç–µ, –ø–æ—á–µ–º—É –º—ã –µ—â—ë –Ω–µ –∑–∞–∫–æ–Ω—á–∏–ª–∏ –≤–∞—à –ø—Ä–æ–µ–∫—Ç? –¢–æ–ª—å–∫–æ –Ω–µ –Ω—É–∂–Ω–æ –¥–µ–ª–∞—Ç—å –≤–∏–¥, —á—Ç–æ –Ω–µ –ø–æ–Ω–∏–º–∞–µ—Ç–µ –æ —á–µ–º —è! –î–∞-–¥–∞, —è –≥–æ–≤–æ—Ä—é –æ —Ç–æ–º —Å–∞–º–æ–º —Ä–∞–∑–≥–æ–≤–æ—Ä–µ –∫–æ–≥–¥–∞ –º—ã –ø—Ä–µ–¥–ª–æ–∂–∏–ª–∏ –≤–∞–º –ø–µ—Ä–µ–Ω–µ—Å—Ç–∏ –¥–µ–¥–ª–∞–π–Ω –Ω–∞ –Ω–µ–¥–µ–ª—é –≤–ø–µ—Ä—ë–¥, –Ω–æ –≤–∞–º –≤–µ–¥—å –Ω–∞–¥–æ –±–æ–ª—å—à–µ –≤—Å–µ—Ö...! –ú—ã —Å–æ–≥–ª–∞—Å–∏–ª–∏—Å—å —Ä–∞–±–æ—Ç–∞—Ç—å —Å–≤–µ—Ä—Ö—É—Ä–æ—á–Ω–æ —Å–µ–±–µ –≤ —É–±—ã—Ç–æ–∫, –ø–æ–ø—Ä–æ—Å–∏–≤ –≤ –∑–∞–º–µ–Ω –≤—Å–µ–≥–æ –ª–∏—à—å –∫–æ–º–ø–µ–Ω—Å–∏—Ä–æ–≤–∞—Ç—å –Ω–∞–º –Ω–µ–±–æ–ª—å—à–∏–µ —Ñ–∏–Ω–∞–Ω—Å–æ–≤—ã–µ –∏–∑–¥–µ—Ä–∂–∫–∏, –Ω–æ –∏ —Ç—É—Ç –≤—ã –æ—Ç–∫–∞–∑–∞–ª–∏—Å—å! –¢–æ–≥–¥–∞ –º—ã –ø—Ä–µ–¥–ª–æ–∂–∏–ª–∏ –Ω–µ–º–Ω–æ–≥–æ —Å–æ–∫—Ä–∞—Ç–∏—Ç—å –æ–±—ä–µ–º —Ä–∞–±–æ—Ç—ã, –Ω–æ —á—Ç–æ –≤—ã –æ—Ç–≤–µ—Ç–∏–ª–∏?... –û–ª–µ–≥, –∏ –≤—ã —Å–µ–π—á–∞—Å —Å–ø—Ä–∞—à–∏–≤–∞–µ—Ç–µ –º–µ–Ω—è, –ø–æ—á–µ–º—É –≤–∞—à –ø—Ä–æ–µ–∫—Ç –µ—â—ë –Ω–µ –≥–æ—Ç–æ–≤?",{'count': 18442}
66146,[],"–û–ª–µ–≥, —è –≤—á–µ—Ä–∞ —Ç–∞–∫ —Ç–æ—Ä–æ–ø–∏–ª–∞—Å—å –Ω–∞ –≤—Å—Ç—Ä–µ—á—É —Å –≤–∞–º–∏, —á—Ç–æ–±—ã –ø–æ–∫–∞–∑–∞—Ç—å –≤–∞–º –∑–∞–≤–µ—Ä—à—ë–Ω–Ω—ã–π –ø—Ä–æ–µ–∫—Ç. –ù–æ —Å–ª—É—á–∞–π–Ω–æ –ø–æ—Å–∫–æ–ª—å–∑–Ω—É–ª–∞—Å—å, —É–ø–∞–ª–∞ –∏ —É–¥–∞—Ä–∏–ª–∞—Å—å –≥–æ–ª–æ–≤–æ–π. –í—Ä–∞—á —Å–∫–∞–∑–∞–ª, —á—Ç–æ —É –º–µ–Ω—è –æ–±—à–∏—Ä–Ω–∞—è –∞–º–Ω–µ–∑–∏—è. –ü–æ—ç—Ç–æ–º—É —è –Ω–µ –ø–æ–Ω–∏–º–∞—é, –æ –∫–∞–∫–æ–º –ø—Ä–æ–µ–∫—Ç–µ –≤—ã –º–µ–Ω—è —Å–ø—Ä–∞—à–∏–≤–∞–µ—Ç–µ. –ò –≤–∞—Å, –û–ª–µ–≥, —è —Ç–æ–∂–µ –Ω–µ —É–∑–Ω–∞—é.",{'count': 10003}
66127,[],"–û–õ–ï–ì, –Ω–µ —Å–º–µ–π—Ç–µ –ø–æ–≤—ã—à–∞—Ç—å –Ω–∞ –º–µ–Ω—è –±—É–∫–≤—ã! –Ø —É—Å—Ç–∞–ª–∞ –æ—Ç —ç—Ç–æ–≥–æ, —è —É—Ö–æ–∂—É!",{'count': 26127}
66116,[],"–û–ª–µ–≥, –∞ –¥–∞–≤–∞–π—Ç–µ —Ä–∞–∑–±–µ—Ä—ë–º—Å—è –Ω–∞—á–∏—Å—Ç–æ—Ç—É, –û–ª–µ–≥! –í—ã –≤—Å—ë –≤—Ä–µ–º—è —Ç–æ—Ä–æ–ø–∏—Ç–µ –Ω–∞—Å —Å–æ —Å–¥–∞—á–µ–π –ø—Ä–æ–µ–∫—Ç–∞, –∞ —ç—Ç–æ –≤—Å—ë –ø–æ—Ç–æ–º—É, —á—Ç–æ –≤—ã —Ö–æ—Ç–∏—Ç–µ –ø–æ—Å–∫–æ—Ä–µ–µ –≤–≤–µ—Å—Ç–∏ –µ–≥–æ –≤ —ç–∫—Å–ø–ª—É–∞—Ç–∞—Ü–∏—é –∏ –∑–∞—Ä–∞–±–æ—Ç–∞—Ç—å –Ω–∞ –Ω—ë–º –º–Ω–æ–≥–æ –¥–µ–Ω–µ–≥! –ê –¥–ª—è —á–µ–≥–æ –≤–∞–º —Å—Ç–æ–ª—å–∫–æ –¥–µ–Ω–µ–≥, –û–ª–µ–≥? –í—ã, –û–ª–µ–≥, —Ö–æ—Ç–∏—Ç–µ –æ—Ç–¥—ã—Ö–∞—Ç—å –≤ –¥–æ—Ä–æ–≥–∏—Ö –∫–ª—É–±–∞—Ö, –ø–∏—Ç—å —ç–ª–∏—Ç–Ω—ã–π –∞–ª–∫–æ–≥–æ–ª—å, –∫—É—Ä–∏—Ç—å –¥–æ—Ä–æ–≥–∏–µ —Å–∏–≥–∞—Ä—ã –∏ —Ç. –ø. –ê –æ —Å–≤–æ—ë–º –∑–¥–æ—Ä–æ–≤—å–µ –≤—ã –ø–æ–¥—É–º–∞–ª–∏, –û–ª–µ–≥? –í—ã –ø–æ–Ω–∏–º–∞–µ—Ç–µ, —á–µ–º —ç—Ç–æ –≤—Å—ë —á—Ä–µ–≤–∞—Ç–æ, –∫—É–¥–∞ —ç—Ç–æ –≤–∞—Å –≤—Å—ë –ø—Ä–∏–≤–µ–¥—ë—Ç? –ü—Ä–∞–≤–∏–ª—å–Ω–æ, –û–ª–µ–≥, –∫ –ø–æ—Ç–µ—Ä–µ –Ω—Ä–∞–≤—Å—Ç–≤–µ–Ω–Ω–æ–≥–æ –∏ —Ñ–∏–∑–∏—á–µ—Å–∫–æ–≥–æ –∑–¥–æ—Ä–æ–≤—å—è! –ù–∞ —Å–∫–æ–ª—å–∑–∫—É—é –¥–æ—Ä–æ–∂–∫—É –≤—ã –≤—Å—Ç–∞–ª–∏, –û–ª–µ–≥, –æ–¥—É–º–∞–π—Ç–µ—Å—å, –ø–æ–∫–∞ –Ω–µ –ø–æ–∑–¥–Ω–æ!!",{'count': 13049}
66103,[],"–î–∞, –û–ª–µ–≥. –Ø –≤–∏–¥–µ–ª –í–∞—à–∏ –ø—Ä–æ–ø—É—â–µ–Ω–Ω—ã–µ 15 –∑–≤–æ–Ω–∫–æ–≤. –ù–æ –ø–æ–¥—É–º–∞–ª, —á—Ç–æ –í—ã –Ω–∞–±—Ä–∞–ª–∏ –º–Ω–µ –ø–æ –æ—à–∏–±–∫–µ. –í–µ–¥—å –Ω–µ –æ—à–∏–±–∞–µ—Ç—Å—è —Ç–æ—Ç, –∫—Ç–æ –Ω–∏—á–µ–≥–æ –Ω–µ –¥–µ–ª–∞–µ—Ç. –ê –í—ã —É –Ω–∞—Å, —Å—Ä–∞–∑—É –≤–∏–¥–Ω–æ, —á–µ–ª–æ–≤–µ–∫ –∑–∞–Ω—è—Ç–æ–π.",{'count': 28116}
66092,[],"–û–ª–µ–≥, –Ω–µ —Ö–æ—á—É –≤–∞—Å —Ç—Ä–µ–≤–æ–∂–∏—Ç—å, –Ω–æ –Ω–æ–≤–æ—Å—Ç–∏ —Å–µ–≥–æ–¥–Ω—è –Ω–µ—É—Ç–µ—à–∏—Ç–µ–ª—å–Ω—ã–µ: —Å–æ–≥–ª–∞—Å–Ω–æ –æ–±–Ω–æ–≤–ª–µ–Ω–Ω–æ–π —Å—Ç–∞—Ç–∏—Å—Ç–∏–∫–µ –†–æ—Å—Å—Ç–∞—Ç–∞, 65% –û–ª–µ–≥–æ–≤ –Ω–µ —É–≤–∏–¥—è—Ç —Å–≤–æ–π –ø—Ä–æ–µ–∫—Ç –Ω–∏–∫–æ–≥–¥–∞. –û—Å—Ç–∞–ª—å–Ω—ã–µ 35% –ø–µ—Ä–µ–≤–µ–ª–∏ –∞–≤–∞–Ω—Å –∑–∞–±–ª–∞–≥–æ–≤—Ä–µ–º–µ–Ω–Ω–æ.",{'count': 9781}
66079,[],"–û–ª–µ–≥, –≤—ã –∑–Ω–∞–µ—Ç–µ, —á—Ç–æ —Ç–∞–∫–æ–µ ¬´—Å–ª–æ–∂–Ω—ã–π –ø—Ä–æ—Ü–µ–Ω—Ç¬ª?",{'count': 11412}
66071,[],"–û–ª–µ–≥, –æ—Ç–ª–∏—á–Ω—ã–µ –Ω–æ–≤–æ—Å—Ç–∏! –ü–æ–¥–≥–æ—Ç–æ–≤–∏–ª–∏ –º–∞–∫–µ—Ç –ø–æ –í–∞—à–µ–º—É –¢–ó –∫ –ø—Ä–æ–µ–∫—Ç—É. –í—ã—à–ª–æ –ø—Ä–æ—Å—Ç–æ –∏–¥–µ–∞–ª—å–Ω–æ. –ù–∞—Å—Ç–æ–ª—å–∫–æ –±–µ–∑—É–ø—Ä–µ—á–Ω–æ, —á—Ç–æ –¥–∞–∂–µ –∂–∞–ª—å –∫–æ–º—É-–ª–∏–±–æ –æ—Ç–¥–∞–≤–∞—Ç—å.
–¢–æ–ª—å–∫–æ –≤ —Ö–æ–¥–µ —Ä–∞–±–æ—Ç –æ–±–Ω–∞—Ä—É–∂–∏–ª–∏ –Ω–µ–∫–æ—Ç–æ—Ä—ã–µ –Ω–µ—Å–æ–æ—Ç–≤–µ—Ç—Å—Ç–≤–∏—è –í–∞—à–µ–≥–æ –¢–ó —Å –Ω–∞—à–∏–º –º–∞–∫–µ—Ç–æ–º. –í —Å–≤—è–∑–∏ —Å —á–µ–º –ø—Ä–æ—Å–∏–º –í–∞—Å –ø–µ—Ä–µ–¥–µ–ª–∞—Ç—å —Å—Ç—Ä–∞–Ω–∏—Ü—ã 3,4,5,6,7,8,9 –∏ 11. –ò –≤—ã—Å–ª–∞—Ç—å –Ω–∞–º –¥–ª—è –ø–æ–¥–≥–æ—Ç–æ–≤–∫–∏ –∞–∫—Ç–∞ –ø—Ä–∏–µ–º–∞-–ø–µ—Ä–µ–¥–∞—á–∏.
–° –Ω–∞–¥–µ–∂–¥–æ–π –∏ –Ω–µ—Ç–µ—Ä–ø–µ–Ω–∏–µ–º",{'count': 9377}
66061,[],–ü—Ä–æ–µ–∫—Ç –∫–∞–∫ –≤–æ—Ä–æ–±–µ–π - –≤—ã–ª–µ—Ç–∏—Ç –∏ –Ω–µ –ø–æ–π–º–∞–µ—à—å –±–µ–∑ –∞–≤–∞–Ω—Å–∞.,{'count': 20713}
66046,[],"–û–ª–µ–≥, –Ω–µ –±—É–¥—É –≤—Ä–∞—Ç—å –ø—Ä–æ —Ç–æ, —á—Ç–æ —É –Ω–∞—Å –∑–∞–∫–æ–Ω—á–∏–ª–∏—Å—å —á–µ—Ä–Ω–∏–ª–∞, –∏–ª–∏ —Å–æ–±–∞–∫–∞ —Å—ä–µ–ª–∞ —Ñ–ª–µ—à–∫—É —Å –í–∞—à–∏–º –ø—Ä–æ–µ–∫—Ç–æ–º. –ù–µ—Ç. –≠—Ç–æ –¥–∞–∂–µ —Å–º–µ—à–Ω–æ. –ú—ã –≤–∑—Ä–æ—Å–ª—ã–µ –ª—é–¥–∏. 
–ü—Ä–æ—Å—Ç–æ —Å–µ–≥–æ–¥–Ω—è –Ω–µ –í–∞—à –¥–µ–Ω—å. –ö—Å—Ç–∞—Ç–∏, –º–µ—Å—è—Ü —Å–µ–≥–æ–¥–Ω—è —Ç–æ–∂–µ –Ω–µ –í–∞—à. –î–∞ –∏ —á–µ–≥–æ —É–∂ —Ç–∞–º... –ì–æ–¥, –ø–æ—Ö–æ–∂–µ, —Ç–æ–∂–µ.
–î–∞–≤–∞–π—Ç–µ –ø–æ—Ç–µ—Ä–ø–∏–º –º–∏–Ω–∏–º—É–º –¥–æ —Ñ–µ–≤—Ä–∞–ª—è. –ú–æ–∂–µ—Ç –±—ã—Ç—å —Ç–∞–º –±—É–¥–µ—Ç –≤–∏–¥–µ–Ω —Ö–æ—Ç—å –∫–∞–∫–æ–π-–Ω–∏–±—É–¥—å –ø—Ä–æ—Å–≤–µ—Ç... –•–æ—Ç—è... 23 —Ñ–µ–≤—Ä–∞–ª—è, 8 –º–∞—Ä—Ç–∞. –ú–∞–π—Å–∫–∏–µ –æ–ø—è—Ç—å –∂–µ.. 
–ù–¥–∞... –Ø –¥–∞–∂–µ –Ω–µ –∑–Ω–∞—é, —á—Ç–æ –í–∞–º –∏ –ø–æ—Å–æ–≤–µ—Ç–æ–≤–∞—Ç—å...
–ú–æ–∂–µ—Ç, –Ω–∞ –í–∞—Å –ø–æ—Ä—á–∞? –ú–æ–≥—É –∑–∞ –Ω–µ–¥–æ—Ä–æ–≥–æ –ø–æ—Å–æ–≤–µ—Ç–æ–≤–∞—Ç—å —Ö–æ—Ä–æ—à–µ–≥–æ —Å–ø–µ—Ü–∏–∞–ª–∏—Å—Ç–∞. –ß–µ—Å—Ç–Ω—ã–π –∏ –ø–æ—Ä—è–¥–æ—á–Ω—ã–π. –†–∞–±–æ—Ç–∞–µ—Ç –∫–∞–∫ —á–∞—Å—ã...",{'count': 29756}
66036,[],"–û–ª–µ–≥, –∞ —É –º–µ–Ω—è –≤—Å—Ç—Ä–µ—á–Ω—ã–π –≤–æ–ø—Ä–æ—Å:–∞ –∫–∞–∫ –≤–æ—Å–ø–∏—Ç–∞–ª–∏ –≤–∞—Å –≤–∞—à–∏ —Ä–æ–¥–∏—Ç–µ–ª–∏?
üòê",{'count': 13980}
66015,[],"–û—É, –û–ª–µ-–µ-–µ–≥! –í—ã –ø–æ–∑–≤–æ–Ω–∏–ª–∏ –≤ –Ω–∞—à –Ω–æ–≤—ã–π —Å–µ—Ä–≤–∏—Å ¬´–ø—Ä–æ–µ–∫—Ç –ø–æ —Ç–µ–ª–µ—Ñ–æ–Ω—É¬ª. 
–Ø –º–µ–¥–ª–µ–Ω–Ω–æ —Å–Ω–∏–º–∞—é —Å–≤–æ–∏ –∑–∞–º–µ—á–∞–Ω–∏—è –∫ –¢–ó, –ø–ª–∞–≤–Ω–æ –≤–Ω–æ—à—É –≤–∞—à–∏ –¥–æ–ø–æ–ª–Ω–µ–Ω–∏—è –≤ –∏—Å—Ö–æ–¥–Ω—ã–µ –¥–∞–Ω–Ω—ã–µ –∏ —É–∂–µ –≥–æ—Ç–æ–≤–∞ –ø—Ä–∏–Ω—è—Ç—å –≤–∞—à –æ–≥—Ä–æ–º–Ω—ã–π –∞–≤–∞–Ω—Å. –î–∞, –û–ª–µ–≥! –ï—â—ë! –ê–≤–∞–Ω—Å! 
–î–ª—è –ø–æ–≤—Ç–æ—Ä–Ω–æ–≥–æ –ø—Ä–æ—Å–ª—É—à–∏–≤–∞–Ω–∏—è –ø–µ—Ä–µ–≤–µ–¥–∏—Ç–µ –¥–µ–Ω—å–≥–∏ –Ω–∞ –∫–∞—Ä—Ç—É, –ø—Ä–∏–≤—è–∑–∞–Ω–Ω—É—é –∫ –Ω–æ–º–µ—Ä—É —Ç–µ–ª–µ—Ñ–æ–Ω–∞.",{'count': 10127}
66000,[],"–í—Å–µ —Ä–µ–∑–∫–æ –º–µ–Ω—è–µ—Ç—Å—è, –û–ª–µ–≥.  –°–µ–≥–æ–¥–Ω—è—à–Ω—é—é –≤—Å—Ç—Ä–µ—á—É –ø–æ —Å–¥–∞—á–µ –ø—Ä–æ–µ–∫—Ç–∞ –ø—Ä–∏–¥–µ—Ç—Å—è –æ—Ç–ª–æ–∂–∏—Ç—å. –ü—Ä–æ—Å—Ç–æ –µ–¥–∏–Ω—Å—Ç–≤–µ–Ω–Ω–∞—è –≤ –¥–æ–º–µ —á–∏—Å—Ç–∞—è —Ñ—É—Ç–±–æ–ª–∫–∞ –æ–∫–∞–∑–∞–ª–∞—Å—å –±–µ–∑–Ω–∞–¥–µ–∂–Ω–æ –∏—Å–ø–æ—Ä—á–µ–Ω–∞. –î–µ–ª–æ –≤ —Ç–æ–º, —á—Ç–æ –º–æ–µ–π –∂–µ–Ω–µ —Å–µ–≥–æ–¥–Ω—è –ø—Ä–∏—Å–ø–∏—á–∏–ª–æ –µ–µ –ø—Ä–æ–≥–ª–∞–¥–∏—Ç—å. –ò –æ—Ç –≤—ã—Å–æ–∫–∏—Ö —Ç–µ–º–ø–µ—Ä–∞—Ç—É—Ä —Ç–µ—Ä–º–æ–Ω–∞–∫–ª–µ–π–∫–∞ ¬´–í–ó–Ø–¢–ö–ò –ù–ï –ë–ï–†–£¬ª –ø–æ—Ç–µ—Ä—è–ª–∞ —Å–≤–æ—é –∑–Ω–∞—á–∏–º—É—é —á–∞—Å—Ç–∏—Ü—É ¬´–ù–ï¬ª. –ê —Ç–∞–∫ –∫–∞–∫ –≤ —Ç–∞–∫–æ–º –≤–∏–¥–µ –º–Ω–µ –Ω–µ —Ç–æ —á—Ç–æ –Ω–∞ —Ä–∞–±–æ—Ç—É ‚Äì –º–Ω–µ –±—ã –∂–µ–ª–∞—Ç–µ–ª—å–Ω–æ –∏ –∏–∑ –¥–æ–º–∞ –≤–æ–æ–±—â–µ –Ω–µ –≤—ã—Ö–æ–¥–∏—Ç—å, –Ω–∞—à—É –≤—Å—Ç—Ä–µ—á—É –ø—Ä–∏–¥–µ—Ç—Å—è –ø–µ—Ä–µ–Ω–µ—Å—Ç–∏ –Ω–∞ –Ω–µ–æ–ø—Ä–µ–¥–µ–ª–µ–Ω–Ω—ã–π —Å—Ä–æ–∫. –ü–æ—Ç–æ–º—É –∫–∞–∫ –¥—Ä—É–≥–æ–π —á–∏—Å—Ç–æ–π –æ–¥–µ–∂–¥—ã —É –º–µ–Ω—è –ø–æ–∫–∞ –Ω–µ—Ç. –ê —Å—Ç–∏—Ä–∞–ª—å–Ω–∞—è –º–∞—à–∏–Ω–∞ –≤—Ç–æ—Ä—É—é –Ω–µ–¥–µ–ª—é –≤ —Ä–µ–º–æ–Ω—Ç–µ. –¢–µ–º –±–æ–ª–µ–µ, —á—Ç–æ –º–Ω–µ –µ—â–µ —Å –ø–æ–¥–æ—à–≤—ã —É—Ç—é–≥–∞ ¬´–ù–ï¬ª –ø—Ä–µ–¥—Å—Ç–æ–∏—Ç –æ—Ç—á–∏—â–∞—Ç—å. –¢–æ –µ—â–µ —É–¥–æ–≤–æ–ª—å—Å—Ç–≤–∏–µ. –¢–∞–∫ —á—Ç–æ –Ω–µ —Ç–µ—Ä—è–π—Ç–µ. –ê –ø–æ–∫–∞ –ø–æ—Å–ª—É—à–∞–π—Ç–µ —à—É–º –º–æ—Ä—è. –§–∞–π–ª –≤–æ –≤–ª–æ–∂–µ–Ω–∏–∏.",{'count': 22071}
65987,[],"–û–ª–µ–≥, –≤–∞–º –¥–æ—Å—Ç–∞–ª–æ—Å—å –ø–∏—Å—å–º–æ —Å—á–∞—Å—Ç—å—è ;)
–ü–µ—Ä–µ—à–ª–∏—Ç–µ –∞–≤–∞–Ω—Å 10 —Ä–∞–±–æ—Ç–Ω–∏–∫–∞–º –≤–∞—à–µ–≥–æ –ø—Ä–æ–µ–∫—Ç–∞ –∏ —á–µ—Ä–µ–∑ 3 —á–∞—Å–∞ –≤—ã–π–¥–∏—Ç–µ –Ω–∞ —É–ª–∏—Ü—É, –∏ –∫—Ä–∏–∫–Ω–∏—Ç–µ - ""–°–ß–ê–°–¢–¨–ï –ü–†–ò–î–ò!!"" –∏ –±—É–¥–µ—Ç –≤–∞–º —Å—á–∞—Å—Ç—å–µ, –û–ª–µ–≥ ;)",{'count': 11547}
65959,[],"–û–ª–µ–≥, —Ç–∞–Ω—Ü—É–π—Ç–µ.",{'count': 26261}
65948,[],"–û–ª–µ–≥, –¥–µ–ª—É - –≤—Ä–µ–º—è, –≤–∞—à–µ–º—É –ø—Ä–æ–µ–∫—Ç—É - —á–∞—Å‚Ä¶,",{'count': 11225}
65937,[],"–û–ª–µ–≥, –í—ã –ø—Ä–∏—Å–ª–∞–ª–∏ –∞–≤–∞–Ω—Å –Ω–µ –Ω–∞ —Ç–æ—Ç —Å—á—ë—Ç, –ø—Ä–æ—à—É –ø–æ–≤—Ç–æ—Ä–∏—Ç—å –∞–≤–∞–Ω—Å –Ω–∞ —Ç–æ—Ç –∂–µ —Å—á—ë—Ç!",{'count': 13787}
65921,[],"–û–ª–µ–≥, —É –Ω–∞—Å –∑–∞–∫–æ–Ω—á–∏–ª–∏—Å—å –æ–ø—Ä–∞–≤–¥–∞–Ω–∏—è. –ü—Ä–∏—à–ª–∏—Ç–µ –∞–≤–∞–Ω—Å –Ω–∞ –ø—Ä–∏–¥—É–º—ã–≤–∞–Ω–∏–µ –Ω–æ–≤—ã—Ö.",{'count': 15179}
65916,[],"–û–ª–µ–≥! –£ –º–µ–Ω—è –¥–ª—è –≤–∞—Å –æ—Ç–ª–∏—á–Ω—ã–µ –Ω–æ–≤–æ—Å—Ç–∏! –ë–ª–∞–≥–æ–¥–∞—Ä—è –≤–∞—à–µ–º—É –ø—Ä–æ–µ–∫—Ç—É, –∫–æ—Ç–æ—Ä—ã–π –ø–æ—Ç—è–Ω—É–ª –Ω–∏ –º–Ω–æ–≥–æ –Ω–∏ –º–∞–ª–æ –∞–∂ –Ω–∞ 180 —Å—Ç—Ä–∞–Ω–∏—Ü –º–∞—à–∏–Ω–æ–ø–∏—Å–Ω–æ–≥–æ —Ç–µ–∫—Å—Ç–∞ –±–µ–∑ —É—á—ë—Ç–∞ –≥—Ä–∞—Ñ–∏—á–µ—Å–∫–∏—Ö —Ä–∏—Å—É–Ω–∫–æ–≤, –º–æ—è –¥–æ—á—å –æ–¥–µ—Ä–∂–∞–ª–∞ –ø–æ–±–µ–¥—É –≤ —Ä–µ–≥–∏–æ–Ω–∞–ª—å–Ω–æ–º –∫–æ–Ω–∫—É—Ä—Å–µ –ø–æ —Å–±–æ—Ä—É –º–∞–∫—É–ª–∞—Ç—É—Ä—ã!! –¢–∞–∫ —á—Ç–æ –ø—Ä–∏–º–∏—Ç–µ –º–æ–∏ —Å–∞–º—ã–µ –∏—Å–∫—Ä–µ–Ω–Ω–∏–µ –ø–æ–∑–¥—Ä–∞–≤–ª–µ–Ω–∏—è –∏ –±–ª–∞–≥–æ–¥–∞—Ä–Ω–æ—Å—Ç—å. –í–µ–¥—å –±–µ–∑ –Ω–µ–≥–æ –ø–æ–±–µ–¥–∞ –±—ã–ª–∞ –±—ã –ø—Ä–æ—Å—Ç–æ –Ω–µ–¥–æ—Å—Ç–∏–∂–∏–º–æ–π. –ê —Ç—É—Ç –≤—Å–µ —Ç–∞–∫ –∏–¥–µ–∞–ª—å–Ω–æ —Å–æ–≤–ø–∞–ª–æ: —Ñ–∏–Ω–∞–ª –∫–æ–Ω–∫—É—Ä—Å–∞ –∏ –æ–∫–æ–Ω—á–∞–Ω–∏–µ —Ä–∞–±–æ—Ç –ø–æ –ø—Ä–æ–µ–∫—Ç—É. –ö–æ–º—É —Ä–∞—Å—Å–∫–∞–∑–∞—Ç—å - –Ω–µ –ø–æ–≤–µ—Ä—è—Ç –∂–µ!",{'count': 9972}
65904,[],"–û–ª–µ–≥, –∑–¥—Ä–∞–≤—Å—Ç–≤—É–π—Ç–µ. –°—Ä–∞–∑—É –∫ —Å—É—Ç–∏: –≤–∞–º –Ω–µ –Ω–∞–¥–æ–µ–ª–æ? –ù—É —á–µ—Å—Ç–Ω–æ. –ê–≤–∞–Ω—Å –≤—ã –ø–µ—Ä–µ–≤–æ–¥–∏—Ç—å –Ω–µ —Ö–æ—Ç–∏—Ç–µ, –≤—ã—Å—ã–ª–∞–µ—Ç–µ –∫–∞–∫–∏–µ-—Ç–æ –¥—É—Ä–∞—Ü–∫–∏–µ –ø—Ä–∞–≤–∫–∏. –ú–æ–∂–µ—Ç —Ö–≤–∞—Ç–∏—Ç? –ü—Ä–∏—à–ª–∏—Ç–µ —Ä–∞—Å—á–µ—Ç –∏ –º–∏—Ä–Ω–æ —Ä–∞–∑–æ–π–¥–µ–º—Å—è. –£ –Ω–∞—Å —É–≤–æ–ª–∏–ª–æ—Å—å 4 —Å–æ—Ç—Ä—É–¥–Ω–∏–∫–∞ –∏–∑-–∑–∞ –≤–∞—à–∏—Ö –Ω—É–¥–Ω—ã—Ö —Å–æ–æ–±—â–µ–Ω–∏–π. –ë–µ–±–µ–±–µ, –ø—Ä–∏—à–ª–∏—Ç–µ –ø—Ä–æ–µ–∫—Ç. –ù–ï –ü–†–ò–®–õ–ï–ú. –ú—ã –Ω–µ —Ö–æ—Ç–∏–º! –ê –≤—ã –≤—ã–Ω—É–∂–¥–∞–µ—Ç–µ –Ω–∞—Å –ø–æ—Å—Ç–æ—è–Ω–Ω–æ –≤–∞–º —á—Ç–æ-—Ç–æ –æ—Ç–≤–µ—á–∞—Ç—å. –ù–µ —Ç—Ä–µ–ø–∏—Ç–µ –Ω–∞–º –Ω–µ—Ä–≤—ã, –û–ª–µ–≥, –±—É–¥—å—Ç–µ —á–µ–ª–æ–≤–µ–∫–æ–º.",{'count': 27355}
65890,[],"–û–ª–µ–≥. –ü–æ –∏—Ç–æ–≥–∞–º —Å–µ–≥–æ–¥–Ω—è—à–Ω–µ–π —Ñ–æ–∫—É—Å-–≥—Ä—É–ø–ø—ã –æ—Ç–Ω–æ—Å–∏—Ç–µ–ª—å–Ω–æ –≤–∞—à–µ–≥–æ –ø—Ä–æ–µ–∫—Ç–∞. –õ—É—á—à–µ –≤—Å–µ–≥–æ, –∫–∞–∫ –æ–∫–∞–∑–∞–ª–æ—Å—å,  –Ω–∞–º —É–¥–∞–ª—Å—è —à—Ä–∏—Ñ—Ç. –ï—Å–ª–∏ –≤–∞—Å —ç—Ç–æ —Ö–æ—Ç—å –∫–∞–∫-—Ç–æ —É—Å–ø–æ–∫–æ–∏—Ç.",{'count': 11678}
65877,[],"–û–ª–µ–≥, –∫—É—Ä—å–µ—Ä —Å –≥–æ—Ç–æ–≤—ã–º –ø—Ä–æ–µ–∫—Ç–æ–º —É–∂–µ –≤—ã–µ—Ö–∞–ª –∫ –≤–∞–º. –ü—Ä–∞–≤–¥–∞ –Ω–∞ —Å–∞–º–æ–∫–∞—Ç–µ. –ù–æ —Ç–∞–∫ –∫–∞–∫ –∑–∞ –¥–≤–∞ –∫–≤–∞—Ä—Ç–∞–ª–∞ –¥–æ –≤–∞—Å —É –Ω–µ–≥–æ –≤–Ω–µ–∑–∞–ø–Ω–æ –∑–∞–∫–æ–Ω—á–∏–ª–∏—Å—å –¥–µ–Ω—å–≥–∏ –Ω–∞ —Å—á–µ—Ç—É, –µ–º—É, –∫ —Å–æ–∂–∞–ª–µ–Ω–∏—é, –ø—Ä–∏—à–ª–æ—Å—å –≤–µ—Ä–Ω—É—Ç—å—Å—è –≤ –æ—Ñ–∏—Å. –ü–æ—ç—Ç–æ–º—É –ø—Ä–∏–¥—ë—Ç—Å—è –ø–æ–¥–æ–∂–¥–∞—Ç—å, –ø–æ–∫–∞ –±—É—Ö–≥–∞–ª—Ç–µ—Ä–∏—è –≤—ã–¥–µ–ª–∏—Ç —Å—Ä–µ–¥—Å—Ç–≤–∞ –Ω–∞ –ø–æ–ø–æ–ª–Ω–µ–Ω–∏–µ –µ–≥–æ —Å—á–µ—Ç–∞. 
–ë—É–¥—É –¥–µ—Ä–∂–∞—Ç—å –≤–∞—Å –≤ –∫—É—Ä—Å–µ !",{'count': 10337}
65864,[],"–û–ª–µ–≥, –ø—Ä–æ–µ–∫—Ç –ø–æ–∫–∞ –Ω–µ –Ω–∞—á–∏–Ω–∞–ª, —Ç–∞–∫ –∫–∞–∫ —Å–µ–≥–æ–¥–Ω—è –≤–µ—Å—å –¥–µ–Ω—å —è –ø—ã—Ç–∞–ª—Å—è –∑–∞–∫—Ä—É—Ç–∏—Ç—å —Ä—É—á–∫—É –ø—Ä–æ—Ç–∏–≤ —á–∞—Å–æ–≤–æ–π —Å—Ç—Ä–µ–ª–∫–∏. –ê –≤–µ—á–µ—Ä–æ–º –º–µ–Ω—è –æ—Å–µ–Ω–∏–ª–æ, —á—Ç–æ —Ç–∞–∫ —è –Ω–µ –∑–∞–∫—Ä—É—á–∏–≤–∞—é, –∞ —Ä–∞—Å–∫—Ä—É—á–∏–≤–∞—é –µ–µ. 
–í–æ—Ç —Å —Ç–æ—á–Ω–æ —Ç–∞–∫–∏–º –∂–µ –∞–∑–∞—Ä—Ç–æ–º –∏ –Ω–µ—Å—Ç–∞–Ω–¥–∞—Ä—Ç–Ω—ã–º–∏ –ø–æ–¥—Ö–æ–¥–æ–º —è –ø–æ–ø—Ä–æ–±—É—é —Ç–µ–ø–µ—Ä—å —É–∂–µ –∑–∞–≤—Ç—Ä–∞ –ø—Ä–∏—Å—Ç—É–ø–∏—Ç—å –∫ —Ä–∞–±–æ—Ç–µ –Ω–∞–¥ –ø—Ä–æ–µ–∫—Ç–æ–º. –£–≤–µ—Ä–µ–Ω, —Ä–µ–∑—É–ª—å—Ç–∞—Ç –≤–∞—Å —É–¥–∏–≤–∏—Ç.",{'count': 12627}
65851,"[{'height': 56, 'type': 's', 'width': 75, 'url': 'https://sun9-57.userapi.com/s/v1/ig2/tKL-BlpX1M_eUIW5UAieLhc_5KY-uE8DJ2sPa9Ek-Nvmebc6I1G6JJJiqK6eWr1kbiDFQBdqzRGiU4PryGYcWn5o.jpg?quality=95&as=32x24,48x36,72x54,108x80,160x119,240x178,360x268,480x357,540x402,640x476,720x535,940x699&from=bu&u=ohVURgxeMqsb-zrzlNoKvZ8mQjWvJKivInqQhQiotAc&cs=75x56'}]","–û–ª–µ–≥, –º–æ–π –≥–æ—Ä–æ—Å–∫–æ–ø –Ω–∞ —Å–µ–≥–æ–¥–Ω—è —Å–æ–≤–µ—Ç—É–µ—Ç –±—ã—Ç—å –æ—Å—Ç—Ä–æ–∂–Ω–æ–π —Å –≤–∞–º–∏. –ö—Ç–æ –º—ã —Ç–∞–∫–∏–µ, —á—Ç–æ–±—ã –Ω–µ –≤–µ—Ä–∏—Ç—å –∑–≤–µ–∑–¥–∞–º?! –ü—Ä–æ–µ–∫—Ç–∞ –Ω–µ –±—É–¥–µ—Ç, –û–ª–µ–≥.
–ù–æ –µ—Å–ª–∏ –ø–æ–≤—Ç–æ—Ä–∏—Ç–µ –∞–≤–∞–Ω—Å, —Å–¥–µ–ª–∞–µ–º –∏ –≤–∞–º –Ω–∞—Ç–∞–ª—å–Ω—É—é –∫–∞—Ä—Ç—É.",{'count': 8460}
65841,[],"–ó–¥—Ä–∞–≤—Å—Ç–≤—É–π—Ç–µ, –ê–≤–∞–Ω—Å!
–ü—Ä–æ—à—É –≤–∞—Å –ø—Ä–∏–π—Ç–∏ –Ω–∞ —Å–ª–µ–¥—É—é—â–∏–µ —Ä–µ–∫–≤–∏–∑–∏—Ç—ã:
220220615945****
–û–ª–µ–≥ –≤–∞–º –ø–æ–º–æ–∂–µ—Ç –¥–æ –Ω–∞—Å –¥–æ–π—Ç–∏, –≤–µ–¥—å –º—ã –ø–æ–º–æ–≥–ª–∏ –ü—Ä–æ–µ–∫—Ç—É –¥–æ–π—Ç–∏ –¥–æ –Ω–µ–≥–æ.
–í—Å–µ–≥–æ –≤–∞–º –¥–æ–±—Ä–æ–≥–æ!",{'count': 13430}
65831,[],"–û–ª–µ–≥, –ø—Ä–æ–µ–∫—Ç –≥–æ—Ç–æ–≤. –ú–æ–∂–µ—Ç–µ –µ–≥–æ –∑–∞–±–∏—Ä–∞—Ç—å. 
–û–Ω, –ø—Ä–∞–≤–¥–∞, –¥–æ –∫–æ–Ω—Ü–∞ –Ω–µ –¥–æ–¥–µ–ª–∞–Ω. –ù–æ —ç—Ç–æ —É–∂–µ —Ñ–æ—Ä–º–∞–ª—å–Ω–æ—Å—Ç–∏.",{'count': 21274}
65827,[],"–û–ª–µ–≥, –º—ã –ø—Ä–∞–≤–¥–∞ –æ—á–µ–Ω—å –ø–µ—Ä–µ–∂–∏–≤–∞–µ–º –∑–∞ –í–∞—à –ø—Ä–æ–µ–∫—Ç, –Ω–æ –æ—Ç–≤–µ—Ç—Å—Ç–≤–µ–Ω–Ω–æ—Å—Ç–∏ –∑–∞ –Ω–µ–≥–æ –Ω–µ –Ω–µ—Å—ë–º.",{'count': 17711}
65818,[],"–û–ª–µ–≥, –≤—ã –∂–¥–µ—Ç–µ –æ—Ç –º–µ–Ω—è –æ—Ç–≤–µ—Ç –ø–æ —Å—Ä–æ–∫–∞–º. –¢–æ–≥–¥–∞ —è –ø–æ–∑–≤–æ–ª—é —Å–µ–±–µ –ø—Ä–æ—Å—Ç–æ 30 —Å–µ–∫—É–Ω–¥ –∏–ª–∏ –æ–¥–Ω—É –º–∏–Ω—É—Ç—É –º–∞–ª–µ–Ω—å–∫—É—é –∏—Å—Ç–æ—Ä–∏—á–µ—Å–∫—É—é —Å–ø—Ä–∞–≤–∫—É –¥–∞—Ç—å. –í—ã –Ω–µ –ø—Ä–æ—Ç–∏–≤?",{'count': 19762}
65800,[],"–û–ª–µ–≥. –ê–≤–∞–Ω—Å. 

–° —É–≤–∞–∂–µ–Ω–∏–µ–º,",{'count': 20877}
65790,[],"–û–ª–µ–≥, –Ω–∞–º –∫–∞–∂–µ—Ç—Å—è, —á—Ç–æ –º—ã —É–∂–µ –ø–µ—Ä–µ—Ä–æ—Å–ª–∏ –ø—Ä–æ–µ–∫—Ç–Ω—É—é –¥–µ—è—Ç–µ–ª—å–Ω–æ—Å—Ç—å. –ú—ã —Ö–æ—Ç–∏–º –∫ –≤–∞–º –Ω–∞ –ø–æ—Å—Ç–æ—è–Ω–∫—É.",{'count': 19066}
65778,[],"–û–ª–µ–≥. 
–ö–æ—Ä–æ—á–µ, –µ—Å–ª–∏ –≤—ã –Ω–µ –ø—Ä–µ–∫—Ä–∞—Ç–∏—Ç–µ - —ç—Ç–æ –ø—Ä–µ–∫—Ä–∞—â—É —è.",{'count': 24621}
65770,[],"–û–ª–µ–≥, –ø—Ä–æ–µ–∫—Ç - –æ–Ω –∫–∞–∫ –ø–∏—Å—å–º–æ, –¥–æ–ª–∂–µ–Ω –±—ã—Ç—å –¥–æ–ª–≥–æ–∂–¥–∞–Ω–Ω—ã–º!",{'count': 18125}
65762,"[{'height': 75, 'type': 's', 'width': 56, 'url': 'https://sun9-38.userapi.com/s/v1/ig2/RdWb_bBVUk5l090f-B7OHtOHujE-RqAb2-RFLJHWaGxlunIO8JcGZ896LvvZ7bF-fGnWfk2i5Qzj_pGQwFKPMT8N.jpg?quality=95&as=32x43,48x64,72x96,108x144,160x213,240x320,360x480,480x640,540x720,640x854,720x960,1080x1441,1280x1708,1440x1921,1919x2560&from=bu&u=DSexpdb8earYiwTPlJT0Zqb6oW1cEFHA3VG64_y8Tx4&cs=56x75'}]","–û–ª–µ–≥, –º—ã –ø–æ–º–Ω–∏–º –æ –í–∞—Å. –ù–µ –Ω–∞–¥–æ –ø–æ—Å—Ç–æ—è–Ω–Ω–æ –æ —Å–µ–±–µ –Ω–∞–ø–æ–º–∏–Ω–∞—Ç—å!",{'count': 10061}
65754,[],"–í–µ—Ç–µ—Ä —Å–≤–∏—Å—Ç–∏—Ç –æ—Å–µ–Ω–Ω–∏–π,
–ê–≤–∞–Ω—Å –Ω–∞ –∫–æ–Ω—å—è–∫ –ø–æ—Ç—Ä–∞—á–µ–Ω,
–û–ª–µ–≥, –ø—Ä–∏—à–ª–∏—Ç–µ –µ—â—ë",{'count': 18872}
65740,[],"–û–ª–µ–≥, –±—É–¥—å—Ç–µ –¥–æ–±—Ä—ã, –µ—â–µ —Ä–∞–∑ —á—Ç–æ –≤–∞–º –Ω–∞–ø—Ä–∞–≤–∏—Ç—å, –ø–æ—Ç–æ–º—É —á—Ç–æ –≤ –º–æ–º–µ–Ω—Ç –∫–æ–≥–¥–∞ –≤—ã –≥–æ–≤–æ—Ä–∏–ª–∏ —è –≤—Ä–æ–¥–µ –ø–æ–Ω–∏–º–∞–ª, –∞ —Ç–µ–ø–µ—Ä—å –ø–µ—Ä–µ—Å—Ç–∞–ª.",{'count': 21991}
65726,[],"–û–ª–µ–≥, –∫–∞–∂–µ—Ç—Å—è, —É –º–µ–Ω—è –¥–ª—è –í–∞—Å –ø–ª–æ—Ö–∏–µ –Ω–æ–≤–æ—Å—Ç–∏... –•–æ—Ç—è, —Å –¥—Ä—É–≥–æ–π —Å—Ç–æ—Ä–æ–Ω—ã, –ø–æ—á–µ–º—É –ø–ª–æ—Ö–∏–µ? –û—Ç–ª–∏—á–Ω—ã–µ –Ω–æ–≤–æ—Å—Ç–∏, –û–ª–µ–≥!
–í—ã —É–∂–µ –≤–∏–¥–µ–ª–∏ –ø—Ä–æ–∏–∑–≤–æ–¥—Å—Ç–≤–µ–Ω–Ω—ã–π –∫–∞–ª–µ–Ω–¥–∞—Ä—å –Ω–∞ —Å–ª–µ–¥—É—é—â–∏–π –≥–æ–¥ —Å –≤—ã—Ö–æ–¥–Ω—ã–º–∏ –∏ –ø—Ä–∞–∑–¥–Ω–∏–∫–∞–º–∏...? 
–ö–æ—Ä–æ—á–µ, –∏ –≤ —Å–ª–µ–¥—É—é—â–µ–º –≥–æ–¥—É –º—ã –ø—Ä–æ–µ–∫—Ç —Ç–æ–∂–µ –Ω–µ —Å–º–æ–∂–µ–º –∑–∞–≤–µ—Ä—à–∏—Ç—å....
–î–∞ —á–µ–≥–æ —É–∂... –°–Ω–∞—á–∞–ª–∞ –µ–≥–æ –Ω–∞–¥–æ —ç–ª–µ–º–µ–Ω—Ç–∞—Ä–Ω–æ –Ω–∞—á–∞—Ç—å! –ê—Ö–∞—Ö–∞!!. –û—Ç–ª–∏—á–Ω—ã–π –∫–∞–ª–∞–º–±—É—Ä  —Å–æ–≥–ª–∞—Å–∏—Ç–µ—Å—å?
–¢–∞–∫ —á—Ç–æ –≤–æ—Ç. –°–µ–π—á–∞—Å –∏ —Ç–∞–∫ –¥–µ–ª –ø–æ –≥–æ—Ä–ª–æ. –ü—É—Ç—ë–≤–∫–∏ –∂ —Å–µ–±—è —Å–∞–º–∏ –Ω–µ –∑–∞–±—Ä–æ–Ω–∏—Ä—É—é—Ç, –û–ª–µ–≥! –ê –æ—Ç–¥—ã—Ö–∞—Ç—å –≤–µ–¥—å —Ç–æ–∂–µ –Ω–∞–¥–æ!",{'count': 19245}
65702,[],"–û–ª–µ–≥, —É –Ω–∞—à–µ–≥–æ –∫–æ–ª–ª–µ–≥–∏ –≤—á–µ—Ä–∞ –±—ã–ª –¥–µ–Ω—å —Ä–æ–∂–¥–µ–Ω–∏—è –∏ –º—ã —Ä–µ—à–∏–ª–∏ –≤—Å–µ–π –∫–æ–º–∞–Ω–¥–æ–π —Å–∫–∏–Ω—É—Ç—å—Å—è –∞–≤–∞–Ω—Å–æ–º –∏ –ø–æ–¥–∞—Ä–∏—Ç—å –µ–≥–æ –µ–º—É, —Ç–∞–∫ –≤–æ—Ç –û–ª–µ–≥, –∫ —á–µ–º—É —ç—Ç–æ —è... –ß–µ—Ä–µ–∑ –Ω–µ–¥–µ–ª—é —É–∂–µ —É –º–µ–Ω—è –¥–µ–Ω—å —Ä–æ–∂–¥–µ–Ω–∏—è, –Ω–∞–¥–µ—é—Å—å –≤—ã –ø–æ–Ω–∏–º–∞–µ—Ç–µ –Ω–∞–º—ë–∫ .... –ê –ø—Ä–æ–µ–∫—Ç, –Ω—É, –ø—Ä–æ–µ–∫—Ç –±—É–¥–µ—Ç –ø–æ–¥–∞—Ä–∫–æ–º —É–∂–µ –Ω–∞ –≤–∞—à –¥–µ–Ω—å —Ä–æ–∂–¥–µ–Ω–∏—è!",{'count': 15907}
65671,[],–û–ª–µ–≥? –ü–µ—Ä–≤—ã–π —Ä–∞–∑ —Å–ª—ã—à—É,{'count': 33394}
65659,[],"–û–ª–µ–≥, –≤—ã –ø—Ä–∏—Å–ª–∞–ª–∏ –∑–∞ –ø–æ—Ä—Ç—Ä–µ—Ç 100% –ø—Ä–µ–¥–æ–ø–ª–∞—Ç—É, –≤ —Å–ª—É—á–∞–µ –ø—Ä–µ–¥–æ–ø–ª–∞—Ç—ã 200% –º—ã –≥–∞—Ä–∞–Ω—Ç–∏—Ä—É–µ–º —Å—Ö–æ–¥—Å—Ç–≤–æ.",{'count': 23469}
65647,[],"–û–ª–µ–≥, –∑–≤–æ–Ω–∏–ª–∏ –∏–∑ –Ω–∞–ª–æ–≥–æ–≤–æ–π, –∏–Ω—Ç–µ—Ä–µ—Å–æ–≤–∞–ª–∏—Å—å –≤–∞–º–∏. –ù–∞—à –±—É—Ö–≥–∞–ª—Ç–µ—Ä —Ö–∞—Ä–∞–∫—Ç–µ—Ä–∏–∑–æ–≤–∞–ª–∞ –≤–∞—Å —Å–æ –≤—Å–µ—Ö —Å—Ç–æ—Ä–æ–Ω –ø–æ–ª–æ–∂–∏—Ç–µ–ª—å–Ω–æ. –í–µ—Å—å –∞–≤–∞–Ω—Å —É—à–µ–ª –Ω–∞ —Å–µ–¥–∞—Ç–∏–≤–Ω–æ–µ –¥–ª—è –±—É—Ö–≥–∞–ª—Ç–µ—Ä–∏–∏. –ñ–¥—ë–º –Ω–æ–≤—ã–π –∞–≤–∞–Ω—Å, –û–ª–µ–≥",{'count': 16047}
65633,[],"–û–ª–µ–≥, –∑–∞–¥–∞–≤–∞—è –≤–æ–ø—Ä–æ—Å—ã —Å ""–ù–µ"" –≤—ã —Å–∞–º–∏ –ø—Ä–æ–≥—Ä–∞–º–º–∏—Ä—É–µ—Ç–µ —Å–µ–±—è –Ω–∞ –Ω–µ—É–¥–∞—á—É, —Ç–æ–ª—å–∫–æ –≤–¥—É–º–∞–π—Ç–µ—Å—å: ""–ü—Ä–æ–µ–∫—Ç –µ—â—ë –Ω–µ –≥–æ—Ç–æ–≤?"" –ò–∑–±–∞–≤–ª—è–π—Ç–µ—Å—å –æ—Ç ""–ù–µ"" –≤ –∂–∏–∑–Ω–∏ –∏ –≤ —Ä–µ—á–∏. –õ—É—á—à–µ —Å–ø—Ä–æ—Å–∏—Ç–µ: ""–ê —á—Ç–æ —è –º–æ–≥—É —Å–¥–µ–ª–∞—Ç—å –ø—Ä—è–º–æ —Å–µ–π—á–∞—Å, —á—Ç–æ–±—ã –ø—Ä–æ–µ–∫—Ç –±—ã–ª –≥–æ—Ç–æ–≤ –∫–∞–∫ –º–æ–∂–Ω–æ —Ä–∞–Ω—å—à–µ?"" –ó–∞–¥–∞–≤–∞–π—Ç–µ –ø—Ä–∞–≤–∏–ª—å–Ω—ã–µ –≤–æ–ø—Ä–æ—Å—ã, —á—Ç–æ–±—ã –ø–æ–ª—É—á–∏—Ç—å –ø—Ä–∞–≤–∏–ª—å–Ω—ã–µ –æ—Ç–≤–µ—Ç—ã.

P.S. –°—á—ë—Ç –¥–ª—è –∞–≤–∞–Ω—Å–∞ —É –≤–∞—Å –Ω–∞ –ø–æ—á—Ç–µ.",{'count': 16638}
65624,[],"–û–ª–µ–≥, –º—ã —Ç—Ä–∏ –≥–æ–¥–∞ —Ä–∞–±–æ—Ç–∞–ª–∏ –±–µ–∑ –æ—Ç–ø—É—Å–∫–∞, –ø–æ —ç—Ç–æ–º—É —Ä–µ—à–∏–ª–∏ —Å–µ–≥–æ–¥–Ω—è, –≤—Å–µ–º –æ—Ç–¥–µ–ª–æ–º –Ω–µ –ø—Ä–∏—Ö–æ–¥–∏—Ç—å –Ω–∞ —Ä–∞–±–æ—Ç—É)",{'count': 18993}
65615,[],"–û–ª–µ–≥, –º—ã —Å–¥–µ–ª–∞–ª–∏ –ø—Ä–æ–µ–∫—Ç. –ù–æ –∫–æ–≥–¥–∞ –Ω–∞—à –æ—Ñ–∏—Å –ø–µ—Ä–µ–µ–∑–∂–∞–ª, –≥—Ä—É–∑—á–∏–∫–∏ –ø–æ–¥—É–º–∞–ª–∏, —á—Ç–æ —ç—Ç–æ –º—É—Å–æ—Ä –∏ —É—Ç–∏–ª–∏–∑–∏—Ä–æ–≤–∞–ª–∏ –µ–≥–æ",{'count': 22292}
65604,[],"–û–ª–µ–≥, —è –≤ –°–∞—Ä–∞—Ç–æ–≤–µ, –û–ª–µ–≥. –ó–¥–µ—Å—å —Å–≤—è–∑–∏ –Ω–µ—Ç, –û–ª–µ–≥. –û–ª–µ–≥, –ø–æ–π–º–∏—Ç–µ –º–µ–Ω—è, —ç—Ç–æ –°–∞—Ä–∞—Ç–æ–≤.",{'count': 22158}
65583,[],"–û–ª–µ–≥, –¥–æ—Ä–æ–≥–æ–π, –ø–æ–Ω–∏–º–∞–µ—Ç–µ... –Ø –æ—á–µ–Ω—å –±–æ–ª–µ—é –¥—É—à–æ–π –∑–∞ –≤–∞—à –ø—Ä–æ–µ–∫—Ç, –û–ª–µ–≥, –ø–æ–≤–µ—Ä—å—Ç–µ. –ù–æ, –≤–∏–¥–∏—Ç–µ –ª–∏, –≤ —á—ë–º –¥–µ–ª–æ, –û–ª–µ–≥... –î–µ–ª–æ –≤ —Ç–æ–º, —á—Ç–æ –Ω–∞—Å —Ä–∞–∑–¥–µ–ª—è–µ—Ç –æ–≥—Ä–æ–º–Ω–∞—è –∫—É–ª—å—Ç—É—Ä–Ω–∞—è –ø—Ä–æ–ø–∞—Å—Ç—å. –î–µ–ª–æ –≤ —Ç–æ–º, —á—Ç–æ —è –∂–∏–≤—É –≤ –ê—Ä–≥–µ–Ω—Ç–∏–Ω–µ –∏ —Ä–∞–±–æ—Ç–∞—é –Ω–∞–¥ –≤–∞—à–∏–º–∏ –ø—Ä–æ–µ–∫—Ç–∞–º–∏ –æ—Ç—Å—é–¥–∞.

–ò, –ø–æ–Ω–∏–º–∞–µ—Ç–µ, –û–ª–µ–≥ - —É –Ω–∞—Å –í–û–¢ –¢–ê–ö –Ω–µ –ø—Ä–∏–Ω—è—Ç–æ. –¢–æ –µ—Å—Ç—å, –≤—ã —Ö–æ—Ç–∏—Ç–µ, —á—Ç–æ–±—ã —è —Å–¥–∞–ª –≤–∞–º —Ä–∞–±–æ—Ç—É –≤–æ–≤—Ä–µ–º—è. –ù–æ, –û–ª–µ–≥, –≤—ã –≤–æ–æ–±—â–µ –ø–æ–Ω–∏–º–∞–µ—Ç–µ, —á—Ç–æ —ç—Ç–∏–º –≤—ã –≥—Ä—É–±–æ –æ—Å–∫–æ—Ä–±–ª—è–µ—Ç–µ –í–°–ï –∫—É–ª—å—Ç—É—Ä–Ω—ã–µ —Ç—Ä–∞–¥–∏—Ü–∏–∏ –º–æ–µ–π –Ω–æ–≤–æ–π –†–æ–¥–∏–Ω—ã?.. –í—ã –ø–æ–Ω–∏–º–∞–µ—Ç–µ, —á—Ç–æ –∑–∞—Å—Ç–∞–≤–ª—è–µ—Ç–µ –º–µ–Ω—è –∏–¥—Ç–∏ –Ω–∞ –ø–æ–≤–æ–¥—É —É –≤–∞—à–∏—Ö –Ω–µ–≤—Ä–æ—Ç–∏—á–µ—Å–∫–∏—Ö –∂–µ–ª–∞–Ω–∏–π –∏ –æ—Ç—Ä—ã–≤–∞—Ç—å—Å—è –æ—Ç –∫–æ–ª–ª–µ–∫—Ç–∏–≤–∞, –∞ –≤—ã –∑–Ω–∞–µ—Ç–µ, –ß–¢–û –¥–ª—è –∞—Ä–≥–µ–Ω—Ç–∏–Ω—Ü–∞ - —Å–≤—è–∑—å —Å–æ —Å–≤–æ–∏–º–∏ –ª—é–¥—å–º–∏, –≤—ã –≤–æ–æ–±—â–µ —ç—Ç–æ –ø–æ–Ω–∏–º–∞–µ—Ç–µ, –û–ª–µ–≥?!

–ö–æ—Ä–æ—á–µ –≥–æ–≤–æ—Ä—è - —Ç–∞–∫ —ç—Ç–æ –∑–¥–µ—Å—å –Ω–µ –¥–µ–ª–∞–µ—Ç—Å—è. –ü–æ–Ω–∏–º–∞–µ—Ç–µ, –û–ª–µ–≥, –º–Ω–µ –Ω—É–∂–Ω–æ –≤—Ä–µ–º—è. –í–µ—Ä–º—è, —á—Ç–æ–±—ã –≤—ã–ø–∏—Ç—å —Å–≤–æ–π –º–∞—Ç–µ. –ß—Ç–æ–±—ã –ø–æ—Å–∏–¥–µ—Ç—å —Å –¥—Ä—É–∑—å—è–º–∏ –∑–∞ –±–∞—Ä–±–µ–∫—å—é. –ß—Ç–æ–±—ã –ø—Ä–æ–π—Ç–∏—Å—å –ø–æ —Å–æ–ª–Ω–µ—á–Ω—ã–º —É–ª–∏—Ü–∞–º –ª—é–±–∏–º–æ–≥–æ –ë—É—ç–Ω–æ—Å-–ê–π—Ä–µ—Å–∞. –ß—Ç–æ–±—ã —Å—Ö–æ–¥–∏—Ç—å –Ω–∞ –ø–æ–ª–∏—Ç–∏—á–µ—Å–∫–∏–π –º–∏—Ç–∏–Ω–≥, –≤ –∫–æ–Ω—Ü–µ –∫–æ–Ω—Ü–æ–≤ - –∞ –≤—ã –∑–Ω–∞–µ—Ç–µ, –û–ª–µ–≥, –∫–∞–∫ –≤–∞–∂–Ω–æ –¥–ª—è –ª—é–±–æ–≥–æ –∫—É–ª—å—Ç—É—Ä–Ω–æ–≥–æ –∞—Ä–≥–µ–Ω—Ç–∏–Ω—Ü–∞ —É—á–∞—Å—Ç–∏–µ –≤ –ø–æ–ª–∏—Ç–∏—á–µ—Å–∫–æ–π –∂–∏–∑–Ω–∏ —Å–≤–æ–µ–π —Å—Ç—Ä–∞–Ω—ã?! –ù–∏—á–µ–≥–æ, –û–ª–µ–≥, –≤—ã –Ω–µ –∑–Ω–∞–µ—Ç–µ.

–í—ã –¥–∞–∂–µ –Ω–µ –∑–Ω–∞–µ—Ç–µ —Ç–æ–≥–æ, —á—Ç–æ —É –Ω–∞—Å —Å—á–∏—Ç–∞–µ—Ç—Å—è: –µ—Å–ª–∏ –≤–∞–º –æ—Ç–≤–µ—Ç–∏–ª–∏ –Ω–∞ –¥–µ–ª–æ–≤–æ–µ –ø–∏—Å—å–º–æ –≤ —Ç–µ—á–µ–Ω–∏–µ –º–µ—Å—è—Ü–∞ - —ç—Ç–æ –∑–Ω–∞—á–∏—Ç, —á—Ç–æ –≤–∞–º –û–ß–ï–ù–¨ –∏–¥—É—Ç –Ω–∞–≤—Å—Ç—Ä–µ—á—É, –¥–æ—Ä–æ–≥–æ–π –û–ª–µ–≥. –û–±—ã—á–Ω—ã–π —Å—Ä–æ–∫ - —ç—Ç–æ –æ—Ç –ø–æ–ª—É–≥–æ–¥–∞. –ù—É, —Ç–æ–ª—å–∫–æ –Ω–∞ —Ä–∞—Å–∫–∞—á–∫—É. –¢–∞–∫ —á—Ç–æ —è, –º–æ–∂–Ω–æ —Å–∫–∞–∑–∞—Ç—å, –∏–¥—É –ø–æ–ø–µ—Ä—ë–∫ –≤—Å–µ—Ö —Å–≤–æ–∏—Ö –Ω–æ–≤—ã—Ö –∂–∏–∑–Ω–µ–Ω–Ω—ã—Ö –±–∏–æ—Ä–∏—Ç–º–æ–≤ –∏ —Ä–∞–±–æ—Ç–∞—é, –Ω–∞–¥—Ä—ã–≤–∞—è—Å—å, –∑–∞–¥–µ—Ä–∂–∏–≤–∞—è –≤–∞—à –ø—Ä–æ–µ–∫—Ç –í–°–ï–ì–û –Ω–∞ –ø–æ–ª—Ç–æ—Ä–∞ –º–µ—Å—è—Ü–∞!

–ê –≤–æ—Ç –≤—ã - –≤—ã –Ω–µ —Ü–µ–Ω–∏—Ç–µ –º–æ–∏—Ö —É—Å–∏–ª–∏–π, –û–ª–µ–≥, –∏ —è –≥–ª—É–±–æ–∫–æ –æ—Å–∫–æ—Ä–±–ª—ë–Ω —ç—Ç–∏–º. –ù–∞—Å—Ç–æ–ª—å–∫–æ –æ—Å–∫–æ—Ä–±–ª—ë–Ω, —á—Ç–æ —Ç–µ–ø–µ—Ä—å –º–Ω–µ –ø–æ—Ç—Ä–µ–±—É–µ—Ç—Å—è —Ç—Ä—ë—Ö–º–µ—Å—è—á–Ω—ã–π –ø–µ—Ä–µ—Ä—ã–≤ –¥–ª—è —Ç–æ–≥–æ, —á—Ç–æ–±—ã –ø–∏—Ç—å –≤–∏–Ω–æ –∏ –≤–æ—Å—Å—Ç–∞–Ω–∞–≤–ª–∏–≤–∞—Ç—å —Å–≤–æ—ë –¥—É—à–µ–≤–Ω–æ–µ —Ä–∞–≤–Ω–æ–≤–µ—Å–∏–µ, —Ö—Ä—É–ø–∫–æ–µ, –∫–∞–∫ —É –∫–∞–∂–¥–æ–≥–æ –Ω–∞—Å—Ç–æ—è—â–µ–≥–æ –º–∞—á–æ.

–ù–µ –ø–∏—à–∏—Ç–µ –º–Ω–µ –±–æ–ª—å—à–µ, –û–ª–µ–≥. –ê –ª—É—á—à–µ - –ø—Ä–∏—à–ª–∏—Ç–µ –≤—Ç–æ—Ä–æ–π –∞–≤–∞–Ω—Å, –∞ —Ç–æ, –∑–Ω–∞–µ—Ç–µ –ª–∏, —Å –Ω–∞—à–µ–π –∞—Ä–≥–µ–Ω—Ç–∏–Ω—Å–∫–æ–π –∏–Ω—Ñ–ª—è—Ü–∏–µ–π –Ω–∞ –≤–∏–Ω–æ —Ç–µ–ø–µ—Ä—å –Ω—É–∂–Ω–æ –≥–æ—Ä–∞–∑–¥–æ –±–æ–ª—å—à–µ, —á–µ–º –≤ –ø—Ä–æ—à–ª–æ–º –º–µ—Å—è—Ü–µ. –ê –≤—ã —Ö–æ—Ç—å —á—Ç–æ-–Ω–∏–±—É–¥—å –∑–Ω–∞–µ—Ç–µ –ø—Ä–æ –Ω–∞—à—É –∏–Ω—Ñ–ª—è—Ü–∏—é, –û–ª–µ–≥?! –ù–∏—á–µ–≥–æ-—Ç–æ –≤—ã –Ω–µ –∑–Ω–∞–µ—Ç–µ. –í—ã –¥–∞–∂–µ –Ω–µ –ø–æ–Ω–∏–º–∞–µ—Ç–µ, –∫–∞–∫ —Å–ª–æ–∂–Ω–æ –ø–µ—Ä–µ—Å—á–∏—Ç—ã–≤–∞—Ç—å —Ä—É–±–ª–∏ –≤ –ø–µ—Å–æ.

–ö–æ—Ä–æ—á–µ –≥–æ–≤–æ—Ä—è, –û–ª–µ–≥... –ø–æ–ø—Ä–æ–±—É–π—Ç–µ –ø–æ–Ω—è—Ç—å –≤—Å—é –∫—É–ª—å—Ç—É—Ä–Ω—É—é –ø—Ä–æ–ø–∞—Å—Ç—å, —Ä–∞–∑–¥–µ–ª—è—é—â—É—é –Ω–∞—Å. –≠—Ç–æ –æ—á–µ–Ω—å –≤–∞–∂–Ω–æ, –¥–æ—Ä–æ–≥–æ–π –û–ª–µ–≥, –¥–ª—è –Ω–∞—à–µ–π —É—Å–ø–µ—à–Ω–æ–π —Å –≤–∞–º–∏ –¥–∞–ª—å–Ω–µ–π—à–µ–π —Ä–∞–±–æ—Ç—ã.

–ù–∞–ª–µ–π—Ç–µ —Å–µ–±–µ –º–∞–ª—å–±–µ–∫–∞. –û–±–Ω–∏–º–∏—Ç–µ –∫—Ä–∞—Å–∏–≤—É—é –∂–µ–Ω—â–∏–Ω—É. –í–∫–ª—é—á–∏—Ç–µ —Ç–∞–Ω–≥–æ. –ò –≤—ã –¥–∞–∂–µ –Ω–µ –∑–∞–º–µ—Ç–∏—Ç–µ, –∫–∞–∫ –ø—Ä–æ–ª–µ—Ç—è—Ç —Ç–µ –ø–æ–ª–≥–æ–¥–∞, –≤ —Ç–µ—á–µ–Ω–∏–µ –∫–æ—Ç–æ—Ä—ã—Ö —è, –≤–æ–∑–º–æ–∂–Ω–æ, —á—Ç–æ-–Ω–∏–±—É–¥—å –≤–∞–º –ø—Ä–∏—à–ª—é (–µ—Å–ª–∏ —É –Ω–∞—Å, –∫–æ–Ω–µ—á–Ω–æ, –Ω–µ —Å–ª—É—á–∏—Ç—Å—è –æ—á–µ—Ä–µ–¥–Ω–æ–π –≤–æ–µ–Ω–Ω—ã–π –ø–µ—Ä–µ–≤–æ—Ä–æ—Ç –∏–ª–∏ –∫–æ–Ω—Ü–µ—Ä—Ç –æ—Å–æ–±–æ –∑–Ω–∞–º–µ–Ω–∏—Ç–æ–π —Ä–æ–∫-–∑–≤–µ–∑–¥—ã).

–¢—Ä–∞–Ω–∫–∏–ª–æ, –∞–º–∏–≥–æ, —Ç—Ä–∞–Ω–∫–∏–ª–æ. –ú—ã –ø—Ä–∏—Ö–æ–¥–∏–º –≤ —ç—Ç—É –∂–∏–∑–Ω—å —Ä–∞–¥–∏ –ª—é–±–≤–∏, –º—É–∑—ã–∫–∏ –∏ –≤–æ–ª—à–µ–±—Å—Ç–≤–∞, –∞ –Ω–µ —Ä–∞–¥–∏ –∫–∞–∫–∏—Ö-—Ç–æ —Ç–∞–º –ø—Ä–æ–µ–∫—Ç–æ–≤. –ü—Ä–æ–π–¥–∏—Ç–µ—Å—å –ø–æ —É–ª–∏—Ü–µ... –ø–æ—á—É–≤—Å—Ç–≤—É–π—Ç–µ —Å–æ–ª–Ω—Ü–µ –Ω–∞ –ª–∏—Ü–µ...

P.S. –í—Ç–æ—Ä–æ–π –∞–≤–∞–Ω—Å –∂–¥—É.",{'count': 20688}
65575,"[{'height': 75, 'type': 's', 'width': 67, 'url': 'https://sun9-24.userapi.com/s/v1/ig2/xWB3zpxoH3KYmNfuEMOZcSnw6xv5XUOOHJPl9FQNvBwyDvb0PpWTPNlna6O5u1QdDtmiCxQTxIEp-fOYIjBqHFaH.jpg?quality=95&as=32x36,48x54,72x80,108x121,160x179,240x268,360x402,480x536,540x603,596x666&from=bu&u=q3F1y2mX8Hjw5iQJhE0yPoVTCPAL-8oDTwXNKFgkzA8&cs=67x75'}]","–û–ª–µ–≥, –º—ã –ø—Ä–∏—Å–ª—É—à–∞–ª–∏—Å—å –∫ –≤–∞—à–µ–º—É —Å—Ç–∞—Ç—É—Å—É –≤ –≤–∞—Ü–∞–ø–µ. ¬´–ë—É–¥—å—Ç–µ —Å—á–∞—Å—Ç–ª–∏–≤—ã –ø—Ä–∏ –º–∞–ª–µ–π—à–µ–π –≤–æ–∑–º–æ–∂–Ω–æ—Å—Ç–∏¬ª‚Ä¶ –ó–æ–ª–æ—Ç—ã–µ —Å–ª–æ–≤–∞! –¢–∞–∫ –Ω–µ —Å—Ç–æ–∏—Ç –∂–µ –∑–∞–æ—Å—Ç—Ä—è—Ç—å –≤–Ω–∏–º–∞–Ω–∏–µ –Ω–∞ —Ç–∞–∫–æ–π –Ω–µ—Å—É—â–µ—Å—Ç–≤–µ–Ω–Ω–æ–π –≤–µ—â–∏ –∫–∞–∫ –Ω–µ—Å–¥–∞—á–∞ –ø—Ä–æ–µ–∫—Ç–∞. –î–∞, –ø—Ä–æ–µ–∫—Ç –Ω–µ –≥–æ—Ç–æ–≤. –ù–æ –ø–æ–¥—É–º–∞–π—Ç–µ: —Å–∫–æ–ª—å–∫–æ –≤ –º–∏—Ä–µ —Å–¥–∞–Ω–Ω—ã—Ö –ø—Ä–æ–µ–∫—Ç–æ–≤? –°–∞–º–æ –æ–¥–Ω–æ –∏—Ö —Å—É—â–µ—Å—Ç–≤–æ–≤–∞–Ω–∏–µ –ø—Ä–∏–Ω–æ—Å–∏—Ç —Ä–∞–¥–æ—Å—Ç—å –∏ —Ç–µ–ø–ª–æ –≤ –¥—É—à–µ. –û–±–Ω–∏–º–∞–µ–º.",{'count': 69930}
65567,[],"–û–ª–µ–≥, –µ—Å–ª–∏ –≤—ã –ø–æ–ª—É—á–∏–ª–∏ –æ—Ç –º–µ–Ω—è –ø—Ä–æ–µ–∫—Ç –ø–æ —ç–ª–µ–∫—Ç—Ä–æ–Ω–Ω–æ–π –ø–æ—á—Ç–µ, —Ç–æ —É–¥–∞–ª–∏—Ç–µ. –ú–µ–Ω—è –≤–∑–ª–æ–º–∞–ª–∏.",{'count': 19246}
65561,[],"–û–ª–µ–≥, —á–µ–º –∫—Ä–∏—Ç–∏–∫–æ–≤–∞—Ç—å, –≤–æ–∑—å–º–∏—Ç–µ –∏ —Å–¥–µ–ª–∞–π—Ç–µ –ª—É—á—à–µ! 
P. S. –ù–µ –∑–∞–±—É–¥—å—Ç–µ –ø—Ä–æ –∞–≤–∞–Ω—Å.",{'count': 19571}
65550,"[{'height': 75, 'type': 's', 'width': 52, 'url': 'https://sun9-79.userapi.com/s/v1/ig2/lRsZndCPB41sB86BKWtGLrztCRscTfiPtB1zPAkwIs8KMJGsw2q_X0Atmc1LVTfIG5-h6qFcen3TYXcXW4vs0izd.jpg?quality=95&as=32x46,48x69,72x104,108x156,160x231,240x347,360x520,480x693,540x780,640x924,720x1040,748x1080&from=bu&u=LWBePISytHG4ubSrkEY3Xm62fibagLxDFjoZVLYpCUY&cs=52x75'}]","–û–ª–µ–≥, —Å–µ–≥–æ–¥–Ω—è –Ω–µ –º–æ–∂–µ–º —Å–¥–∞—Ç—å –ø—Ä–æ–µ–∫—Ç –≤ —Å–≤—è–∑–∏ —Å –Ω–µ–¥–æ—Å—Ç—É–ø–Ω–æ—Å—Ç—å—é —Ä–∞–±–æ—á–µ–≥–æ –º–µ—Å—Ç–∞",{'count': 19925}
65539,[],"–û–ª–µ–≥, —Å–ø–∞—Å–∏–±–æ –∑–∞ —Ç–∞–∫–æ–π –ø—Ä–∏—è—Ç–Ω—ã–π –ø–æ–¥–∞—Ä–æ–∫ –Ω–∞ 14 –ê–≤–≥—É—Å—Ç–∞. –ú—ã –Ω–µ –∑–Ω–∞–ª–∏, —á—Ç–æ —Å–µ–≥–æ–¥–Ω—è –ø—Ä–∞–∑–¥–Ω–∏–∫, –Ω–æ –≤—Å–µ–π –∫–æ–º–∞–Ω–¥–æ–π –±–ª–∞–≥–æ–¥–∞—Ä–∏–º –∑–∞ —ç—Ç—É —Å—É–º–º—É. –ê –∫–æ–≥–¥–∞ –∂–¥–∞—Ç—å –ø—Ä–µ–¥–æ–ø–ª–∞—Ç—É?",{'count': 12896}
65527,[],"–û–ª–µ–≥, –º—ã –¥–∞–≤–Ω–æ –±—ã —É–∂–µ –∑–∞–∫–æ–Ω—á–∏–ª–∏ –≤–∞—à –ø—Ä–æ–µ–∫—Ç, –µ—Å–ª–∏ –±—ã –≤—ã –Ω–∞—Å –ø–æ—Å–æ–≤–µ—Ç–æ–≤–∞–ª–∏ –∫–æ–º—É —Ç–æ –µ—â—ë.",{'count': 20597}
65507,[],"–û–ª–µ–≥, –∑–∞–ø–æ–º–Ω–∏ —ç—Ç—É —Ñ—Ä–∞–∑—É:
""–ü—Ä–æ–µ–∫—Ç —Ç–≤–æ–π –±—É–¥–µ—Ç, –Ω–æ –Ω–µ —Å—Ä–∞–∑—É.""",{'count': 26018}
65493,[],"–û–ª–µ–≥, –º—ã —Ä–∞–±–æ—Ç–∞–ª–∏ –Ω–∞–¥ —Å–æ–±–æ–π, –º—ã —É–≤–µ–ª–∏—á–∏–≤–∞–ª–∏ —Å–≤–æ—é –ø—Ä–æ–¥—É–∫—Ç–∏–≤–Ω–æ—Å—Ç—å –∏ –¥–ª—è –ª—É—á—à–µ–≥–æ —ç—Ñ—Ñ–µ–∫—Ç–∞ —Ä–µ—à–∏–ª–∏ –ø–æ–π—Ç–∏ –Ω–∞ —Ç—Ä–µ–Ω–∏–Ω–≥. –ò —Ç–∞–º –º—ã —Å—Ç–∞–ª–∏ –Ω–∞—Å—Ç–æ–ª—å–∫–æ –ø—Ä–æ–¥—É–∫—Ç–∏–≤–Ω—ã–º–∏ –∏ —ç—Ñ—Ñ–µ–∫—Ç–∏–≤–Ω—ã–º–∏, –û–ª–µ–≥, –º—ã –ø—Ä–µ–≤–∑–æ—à–ª–∏ —Å–µ–±—è, –º—ã –≤—ã—à–ª–∏ –∏–∑ –∑–æ–Ω—ã –∫–æ–º—Ñ–æ—Ä—Ç–∞ –∏ —Ç–µ–ø–µ—Ä—å –ø–æ–Ω–∏–º–∞–µ–º, —á—Ç–æ —ç—Ç–æ—Ç –ø—Ä–æ–µ–∫—Ç –Ω–µ –Ω–∞—à —É—Ä–æ–≤–µ–Ω—å –∏ –Ω–∞–º –Ω—É–∂–Ω–æ –¥–≤–∏–≥–∞—Ç—å—Å—è –¥–∞–ª—å—à–µ, –û–ª–µ–≥! –ü—Ä–∏—è—Ç–Ω–æ–≥–æ –∏ –í–∞–º —Ä–∞–∑–≤–∏—Ç–∏—è, –û–ª–µ–≥. –°–ø–∞—Å–∏–±–æ, —á—Ç–æ –ø–æ–≤–µ—Ä–∏–ª–∏ –≤ –Ω–∞—Å!",{'count': 16690}
65477,[],"–ú—ã –µ—â—ë –Ω–∏ —Ä–∞–∑—É –Ω–∏ —Å –∫–µ–º –Ω–µ —Å—Ä–∞–±–æ—Ç–∞–ª–∏—Å—å, –û–ª–µ–≥. –° —á–µ–≥–æ –≤—ã –≤–∑—è–ª–∏, —á—Ç–æ –¥–ª—è –≤–∞—Å –º—ã –¥–æ–ª–∂–Ω—ã —Å–¥–µ–ª–∞—Ç—å –∏—Å–∫–ª—é—á–µ–Ω–∏–µ?",{'count': 22712}
65467,[],"–û–ª–µ–≥ –¥–ª—è –±—ã—Å—Ç—Ä–æ–π —Ä–∞–±–æ—Ç—ã –Ω–∞ –ø—Ä–æ–µ–∫—Ç–æ–º –±—ã–ª–∏ –∏—Å–ø–æ–ª—å–∑–æ–≤–∞–Ω—ã –ò–ò
 –ó–∞ –¥–≤–∞ –¥–Ω—è –ø—Ä–æ–µ–∫—Ç –±—ã–ª –≥–æ—Ç–æ–≤, –Ω–æ –ø—Ä–æ–∏–∑–æ—à–ª–∞ –æ—à–∏–±–∫–∞, –ò–ò –≤–∑–±—É–Ω—Ç–æ–≤–∞–ª—Å—è –∏ –ø—Ä–æ–µ–∫—Ç –Ω–∞–¥–æ –Ω–∞—á–∏–Ω–∞—Ç—å —Å –Ω—É–ª—è , –º—ã –ø—Ä–∏–Ω–æ—Å–∏–º —Å–≤–æ–∏ –∏–∑–≤–∏–Ω–µ–Ω–∏—è, –≤–Ω–∏—Å–∏—Ç–µ –µ—â—ë –æ–¥–∏–Ω –∞–≤–∞–Ω—Å",{'count': 17089}
65456,[],"–û–ª–µ–≥, –≤–∞–º –±—ã –ø—Ä–∏–æ—Ç–∫—Ä—ã—Ç—å –¥–µ–Ω–µ–∂–Ω—É—é —á–∞–∫—Ä—É. –ü–æ–∑–≤–æ–ª—å—Ç–µ –í—Å–µ–ª–µ–Ω–Ω–æ–π –ø–æ–¥–∫–ª—é—á–∏—Ç—å –≤–∞—Å –∫ –¥–µ–Ω–µ–∂–Ω—ã–º –ø–æ—Ç–æ–∫–∞–º, –ø—Ä–æ–ø—É—Å—Ç–∏—Ç–µ –∏—Ö —á–µ—Ä–µ–∑ —Å–µ–±—è.

–î–∞, –º—ã –≤—Å–µ –µ—â—ë –æ–± –∞–≤–∞–Ω—Å–µ –≥–æ–≤–æ—Ä–∏–º, –û–ª–µ–≥.",{'count': 9647}
65441,"[{'height': 40, 'type': 's', 'width': 75, 'url': 'https://sun9-80.userapi.com/s/v1/ig2/WzkkIrZwiK-rmdGpkd2s5oB-NgxhM_SRjbHriXL6oKjhXcv48ggXMGpITpusR2mP_18UD5Q5eJensgHInOs3wTTy.jpg?quality=95&as=32x17,48x26,72x39,108x58,160x86,240x129,360x194,480x258,540x290,640x344,720x387,1080x581&from=bu&u=iTEDFGLZ5o3WNR4G6elDWKfX-mgQlpXgH4vVkwRsth8&cs=75x40'}]",,{'count': 63105}
65435,[],"–û–ª–µ–≥, —Å–µ–≥–æ–¥–Ω—è –Ω–µ —Å–º–æ–≥–ª–∞ –Ω–∞–ø—Ä–∞–≤–∏—Ç—å –≤–∞–º –ø—Ä–æ–µ–∫—Ç, —Ç–∞–∫ –∫–∞–∫ –∑–∞–∫—Ä—ã–ª–∞ —Å–¥–µ–ª–∫—É –ø–æ –∏–Ω–≤–µ—Å—Ç–∏—Ü–∏—è–º. –î–∞–≤–∞–π—Ç–µ —è –æ—Å—Ç–∞–≤–ª—é –≤–∞–º —Ç–µ–ª–µ—Ñ–æ–Ω —Å–≤–æ–µ–≥–æ –∏–Ω–≤–µ—Å—Ç–∏—Ü–∏–æ–Ω–Ω–æ–≥–æ –∞–Ω–∞–ª–∏—Ç–∏–∫–∞, –æ–Ω –≤—Å–µ —Ä–∞—Å—Å–∫–∞–∂–µ—Ç, —Å–º–æ–∂–µ—Ç–µ –ø–æ–ª—É—á–∞—Ç—å –ø–∞—Å—Å–∏–≤–Ω—ã–π –¥–æ—Ö–æ–¥. –í–ª–æ–∂–µ–Ω–∏—è –º–∏–Ω–∏–º–∞–ª—å–Ω—ã. –ö–∞–∫ —ç—Ç–æ –≤—ã –æ—Ç–∫–∞–∑—ã–≤–∞–µ—Ç–µ—Å—å? –¢–æ–≥–¥–∞ —è –Ω–µ –±—É–¥—É –Ω–∞–ø—Ä–∞–≤–ª—è—Ç—å –≤–∞–º –ø—Ä–æ–µ–∫—Ç. –ö–∞–∫–æ–π —Å–º—ã—Å–ª –º–Ω–µ —á—Ç–æ-—Ç–æ –¥–ª—è –≤–∞—Å –¥–µ–ª–∞—Ç—å, –µ—Å–ª–∏ –≤—ã –Ω–µ —Ö–æ—Ç–∏—Ç–µ —Ä–æ—Å—Ç–∞ –∏ —Ä–∞–∑–≤–∏—Ç–∏—è. –í—Å–µ–≥–æ –¥–æ–±—Ä–æ–≥–æ, –û–ª–µ–≥.",{'count': 14448}
65429,[],"–û–ª–µ–≥, –º—ã –∑–∞–º–µ—Ç–∏–ª–∏ –Ω–µ–¥–æ–≤–æ–ª—å—Å—Ç–≤–æ –≤ –≤–∞—à–∏—Ö –≥–ª–∞–∑–∞—Ö –ø–æ –ø–æ–≤–æ–¥—É –ø—Ä–µ–¥–æ–ø–ª–∞—Ç—ã, —Å –∫–ª–∏–µ–Ω—Ç–æ–æ—Ä–∏–µ–Ω—Ç–∏—Ä–æ–≤–∞–Ω–Ω–æ—Å—Ç—å—é —É –Ω–∞—Å –≤—Å—ë –≤ –ø–æ—Ä—è–¥–∫–µ, –ø–æ—ç—Ç–æ–º—É –ø—Ä–µ–¥–ª–∞–≥–∞–µ–º –∞–∫—Ü–∏—é: –≤—ã –ø–ª–∞—Ç–∏—Ç–µ 2 –∞–≤–∞–Ω—Å–∞ –∏ –≤ —Å–ª—É—á–∞–µ –æ—Ç–º–µ–Ω—ã –ø—Ä–æ–µ–∫—Ç–∞ 1 –º—ã –≤–∞–º —Ç–æ—á–Ω–æ –≤–µ—Ä–Ω—ë–º!",{'count': 18411}
